2021-11-22	303/2564	อบจ.มหาสารคาม	ซ่อมแซมถนนลาดยาง บ้านเขวาน้อย-บ้านโคกก่อ มค.ถ.1-0024	MATCH seq=50 id=65127468192 bid=11998000	0.37
2021-11-12	366/2564	อบจ.มหาสารคาม	ซ่อมแซมถนนลาดยาง มค.ถ.1-0074 สามแยก ทล.23-บ้านหนองกุงเต่า	MATCH seq=45 id=65077377382 bid=472000	0.75
2021-11-12	367/2564	อบจ.มหาสารคาม	ซ่อมแซมถนนลาดยาง มค.ถ.1-0075 ทล.2040-บ้านหัวนาคำ	MATCH seq=71 id=65097735443 bid=462000	0.51
2021-11-12	258/2564	อบจ.มหาสารคาม	ซ่อมแซมถนนลาดยาง มค.ถ.1-0079 ทล.2237-บ้านโนนเมือง	MATCH seq=69 id=65097735626 bid=470000	0.59
2021-11-12	309/2564	อบจ.มหาสารคาม	ซ่อมแซมถนนลาดยาง มค.ถ.1-0035 บ้านยางน้อย-บ้านห้วยม่วง	MATCH seq=62 id=65097734695 bid=486000	0.69
2021-11-12	304/2564	อบจ.มหาสารคาม	ซ่อมแซมถนนลาดยาง มค.ถ.1-0034 บ้านดอนกลอย-บ้านเหล่าโพธิ์ชัย	MATCH seq=52 id=65077338094 bid=443000	0.79
2021-11-12	310/2564	อบจ.มหาสารคาม	ซ่อมแซมถนนลาดยาง มค.ถ.1-0036 บ้านหัวขัว-บ้านสำโรง	MATCH seq=84 id=65097736795 bid=447000	0.62
2021-11-12	362/2564	อบจ.มหาสารคาม	ซ่อมแซมถนนลาดยาง มค.ถ.1-0069 บ้านสระแก้ว-บ้านหนองแวง	MATCH seq=50 id=65077341980 bid=452000	0.49
2021-11-12	361/2564	อบจ.มหาสารคาม	ซ่อมแซมถนนลาดยาง มค.ถ.1-0068 ปากทางเชียงยืน-บ้านนาทอง	MATCH seq=66 id=65097736466 bid=474000	0.57
2021-11-12	360/2564	อบจ.มหาสารคาม	ซ่อมแซมถนนลาดยาง มค.ถ.1-0066 บ้านสร้างแก้ว-บ้านทับม้า	MATCH seq=49 id=65077354441 bid=456000	0.71
2021-11-12	363/2564	อบจ.มหาสารคาม	ซ่อมแซมถนนลาดยาง มค.ถ.1-0070 บ้านจาน-บ้านหลุบแซง	MATCH seq=47 id=65077355755 bid=467000	0.92
2021-11-24	300/2564	อบจ.มหาสารคาม	ซ่อมแซมถนนลาดยาง มค.ถ.1-0019 บ้านโคกก่อง-บ้านวังปลาโด	MATCH seq=63 id=65097737890 bid=481000	0.48
2021-11-24	302/2564	อบจ.มหาสารคาม	ซ่อมแซมถนนลาดยาง มค.ถ.1-0021 บ้านพงโพด-บ้านวังไฮ	MATCH seq=50 id=65077341980 bid=452000	0.46
2021-11-24	301/2564	อบจ.มหาสารคาม	ซ่อมแซมถนนลาดยาง มค.ถ.1-0025 บ้านเขวาน้อย-บ้านเหล่าใหญ่	MATCH seq=52 id=65077338094 bid=443000	0.41
2021-11-24	320/2564	อบจ.มหาสารคาม	ซ่อมแซมถนนลาดยาง มค.ถ.1-0092 บ้านบ่อแก-บ้านวังไฮ	MATCH seq=50 id=65077341980 bid=452000	0.46
2021-11-26	302/2564	อบจ.มหาสารคาม	ซ่อมแซมถนนลาดยาง มค.ถ.1-0021 บ้านพงโพด-บ้านวังไฮ [resend]	MATCH seq=50 id=65077341980 bid=452000	0.4
2021-11-25	336/2564	อบจ.มหาสารคาม	ซ่อมแซมถนนลาดยาง มค.ถ.1-0058 บ้านขี-บ้านหนองโน-บ้านบ่อน้อย	MATCH seq=72 id=65097736786 bid=460000	0.78
2021-11-25	311/2564	อบจ.มหาสารคาม	ซ่อมแซมถนนลาดยาง มค.ถ.1-0039 บ้านแพง-บ้านหนองกุงสวรรค์	MATCH seq=79 id=65097736151 bid=467000	1.0
2021-12-07	334/2564	อบจ.มหาสารคาม	ซ่อมแซมถนนลาดยาง มค.ถ.1-0059 บ้านหัวขัว-บ้านสมศรี	MATCH seq=84 id=65097736795 bid=447000	0.74
2021-12-07	368/2564	อบจ.มหาสารคาม	ซ่อมแซมถนนลาดยาง มค.ถ.1-0077 ทล.23-บ้านสำโรง	MATCH seq=45 id=65077377382 bid=472000	0.55
2021-12-07	377/2564	อบจ.มหาสารคาม	ซ่อมแซมถนนลาดยาง มค.ถ.1-0085 บ้านคุยโพธิ์-บ้านโนนคัดเค้า	MATCH seq=75 id=65097735882 bid=466000	0.89
2021-12-14	344/2564	อบจ.มหาสารคาม	ซ่อมแซมถนนลาดยาง มค.ถ.1-0063 กันทรวิชัย-บ้านหนองแคน	MATCH seq=51 id=65077353199 bid=446000	0.8
2021-12-14	342/2564	อบจ.มหาสารคาม	ซ่อมแซมถนนลาดยาง มค.ถ.1-0091 บ้านทัน-บ้านหนองกุงสวรรค์	MATCH seq=67 id=65097736153 bid=472000	0.88
2021-12-14	326/2564	อบจ.มหาสารคาม	ซ่อมแซมถนนลาดยาง มค.ถ.1-0037 บ้านคุ้มกลาง-บ้านโพนงาม	MATCH seq=76 id=65097736536 bid=468000	0.76
2021-12-14	335/2564	อบจ.มหาสารคาม	ซ่อมแซมถนนลาดยาง มค.ถ.1-0057 บ้านหนองอุ่ม-บ้านดอนเงิน	MATCH seq=81 id=65097736756 bid=456000	0.76
2021-12-16	341/2564	อบจ.มหาสารคาม	ซ่อมแซมถนนลาดยาง มค.ถ.1-0060 บ้านขี-บ้านดอนเงิน	MATCH seq=74 id=65097736808 bid=463000	0.72
2021-12-16	312/2564	อบจ.มหาสารคาม	ซ่อมแซมถนนลาดยาง มค.ถ.1-0041 บ้านสองคอน-บ้านคุยเชือก	MATCH seq=61 id=65097736177 bid=485000	1.0
2021-11-25	255/2564	อบจ.มหาสารคาม	ซ่อมแซมถนนลาดยาง มค.ถ.1-0081 บ้านกุดรัง-บ้านโชคชัย	MATCH seq=73 id=65097735805 bid=462000	0.87
2021-11-25	254/2564	อบจ.มหาสารคาม	ซ่อมแซมถนนลาดยาง มค.ถ.1-0062 บ้านดอนหน่อง-บ้านดอนดู่	MATCH seq=96 id=67089347965 bid=1985000	0.64
2021-12-23	260/2564	อบจ.มหาสารคาม	ซ่อมแซมถนนลาดยาง มค.ถ.1-0064 บ้านท่าขอนยาง-บ้านส้มโฮง	MATCH seq=77 id=65097736709 bid=460000	0.76
2021-12-14	342/2564	อบจ.มหาสารคาม	ซ่อมแซมถนนลาดยาง มค.ถ.1-0091 บ้านทัน-บ้านหนองกุงสวรรค์ [resend]	MATCH seq=67 id=65097736153 bid=472000	0.78
2022-04-08	มค.95/2565	แขวงทางหลวงมหาสารคาม	บูรณะทางผิวแอสฟัลต์ ทล.2381 นาเชือก-โพธิ์ทอง ตอน 1	MATCH seq=13 id=67119242741 bid=9794840	0.38
2022-04-28	มค.94/2565	แขวงทางหลวงมหาสารคาม	บูรณะโครงข่าย ทล.208 หนองสระพัง-มหาสารคาม ตอน 2	MATCH seq=92 id=67089467298 bid=2143736	0.64
2022-08-29	009/2565	เทศบาลตำบลแวงน่าง	Over-Lay ถนนรอบหนองบ้าน หมู่ 1	MATCH seq=107 id=69059003035 bid=1666000	0.71
2022-09-12	จ(กอ)16/2565	ม.มหาสารคาม	ปรับปรุงพื้นผิวถนนข้างตลาดน้อย	NO_AGENCY	
2022-09-13	401/2565	อบจ.มหาสารคาม	ซ่อมแซมถนนลาดยาง มค.ถ.1-0063 กันทรวิชัย-บ้านหนองแคน	MATCH seq=51 id=65077353199 bid=446000	0.8
2022-09-04	402/2565	อบจ.มหาสารคาม	ซ่อมแซมถนนลาดยาง มค.ถ.1-0066 บ้านสร้างแก้ว-บ้านทัพม้า	MATCH seq=49 id=65077354441 bid=456000	0.81
2022-09-04	403/2565	อบจ.มหาสารคาม	ซ่อมแซมถนนลาดยาง มค.ถ.1-0070 บ้านจาน-บ้านหลุบแซง	MATCH seq=47 id=65077355755 bid=467000	0.92
2022-09-01	417/2565	อบจ.มหาสารคาม	ซ่อมแซมถนนลาดยาง มค.ถ.1-0034 บ้านดอนกลอย-บ้านเหล่าโพธิ์ชัย	MATCH seq=52 id=65077338094 bid=443000	0.79
2022-09-20	413/2565	อบจ.มหาสารคาม	ซ่อมแซมถนนลาดยาง มค.ถ.1-0008 บ้านหัวขัว-บ้านโคกลิ่น	MATCH seq=43 id=65077350009 bid=484000	0.75
2022-09-13	412/2565	อบจ.มหาสารคาม	ซ่อมแซมถนนลาดยาง ทล.208-บ้านหินแห่ เขวาไร่	MATCH seq=46 id=65077335842 bid=478000	0.55
2022-09-01	407/2565	อบจ.มหาสารคาม	ซ่อมแซมถนนลาดยาง มค.ถ.1-0091 บ้านทัน-บ้านหนองกุงสวรรค์	MATCH seq=67 id=65097736153 bid=472000	0.88
2022-09-19	411/2565	อบจ.มหาสารคาม	ซ่อมแซมถนน บ้านหนองแวง-บ้านหนองโก บรบือ	MATCH seq=48 id=65077345108 bid=455000	0.64
2022-09-19	405/2565	อบจ.มหาสารคาม	ซ่อมแซมถนนลาดยาง มค.ถ.1-0074 ทล.23-บ้านบ่อน้อย	MATCH seq=45 id=65077377382 bid=472000	0.74
2022-09-15	417/2565	อบจ.มหาสารคาม	ซ่อมแซมถนนลาดยาง มค.ถ.1-0034 [resend]	MATCH seq=63 id=65097737890 bid=481000	0.72
2022-09-21	409/2565	อบจ.มหาสารคาม	ซ่อมแซมถนนลาดยาง มค.ถ.1-0012 บ้านแกดำ-บ้านหนองขุน	MATCH seq=50 id=65077341980 bid=452000	0.87
2022-10-31	598/2565	อบจ.มหาสารคาม	ซ่อมแซมถนนลาดยาง มค.ถ.1-0039 บ้านแพง-บ้านหนองกุงสวรรค์	MATCH seq=79 id=65097736151 bid=467000	1.0
2022-10-31	616/2565	อบจ.มหาสารคาม	ซ่อมแซมถนนลาดยาง มค.ถ.1-0091 บ้านทัน-บ้านหนองกุงสวรรค์	MATCH seq=67 id=65097736153 bid=472000	0.88
2022-11-04	615/2565	อบจ.มหาสารคาม	ซ่อมแซมถนนลาดยาง ทล.2040-บ้านหนองอีดำ	MATCH seq=82 id=65097736197 bid=450000	0.7
2022-11-03	624/2565	อบจ.มหาสารคาม	ซ่อมแซมถนนลาดยาง มค.ถ.1-0075 ทล.2040-บ้านหัวนาคำ	MATCH seq=71 id=65097735443 bid=462000	0.51
2022-11-08	623/2565	อบจ.มหาสารคาม	ซ่อมแซมถนนลาดยาง มค.ถ.1-0074 ทล.23-บ้านหนองกุงเต่า	MATCH seq=45 id=65077377382 bid=472000	0.79
2022-11-03	651/2565	อบจ.มหาสารคาม	ซ่อมแซมถนนลาดยาง มค.ถ.1-0035 บ้านยางน้อย-บ้านห้วยม่วง	MATCH seq=62 id=65097734695 bid=486000	0.69
2022-11-15	644/2565	อบจ.มหาสารคาม	ซ่อมแซมถนนลาดยาง มค.ถ.1-0015 บ้านหมี่-บ้านท่าตูม	MATCH seq=78 id=65097734177 bid=460000	0.65
2022-11-15	646/2565	อบจ.มหาสารคาม	ซ่อมแซมถนนลาดยาง มค.ถ.1-0011 บ้านหมากค่า-บ้านหนองดุก	MATCH seq=70 id=65097734354 bid=472000	0.68
2022-11-21	628/2565	อบจ.มหาสารคาม	ซ่อมแซมถนนลาดยาง มค.ถ.1-0093 บ้านเกิ้ง-บ้านเปลือยน้ำ	MATCH seq=83 id=65097736813 bid=442000	0.67
2022-12-16	มค.14/2566	แขวงทางหลวงมหาสารคาม	บูรณะทางผิวแอสฟัลต์ ทล.2063 บรบือ-โคกสี ตอน 2	MATCH seq=14 id=67119242713 bid=9792918	0.71
2022-12-16	มค.15/2566	แขวงทางหลวงมหาสารคาม	บูรณะทางผิวแอสฟัลต์ ทล.2063 บรบือ-โคกสี ตอน 3	MATCH seq=13 id=67119242741 bid=9794840	0.71
2022-12-19	มค.13/2566	แขวงทางหลวงมหาสารคาม	บูรณะทางผิวแอสฟัลต์ ทล.219 บรบือ-ยางสีสุราช ตอน 3	MATCH seq=13 id=67119242741 bid=9794840	0.39
2022-12-20	645/2565	อบจ.มหาสารคาม	ซ่อมแซมถนนลาดยาง มค.ถ.1-0006 บ้านนานกเขียน-บ้านหนองโก	MATCH seq=80 id=65097734224 bid=460000	0.69
2022-12-20	631/2565	อบจ.มหาสารคาม	ซ่อมแซมถนนลาดยาง มค.ถ.1-0060 บ้านขี-บ้านดอนเงิน	MATCH seq=74 id=65097736808 bid=463000	0.72
2022-12-20	634/2565	อบจ.มหาสารคาม	ซ่อมแซมถนนลาดยาง มค.ถ.1-0059 บ้านหัวขัว-บ้านสมศรี	MATCH seq=84 id=65097736795 bid=447000	0.74
2022-12-20	630/2565	อบจ.มหาสารคาม	ซ่อมแซมถนนลาดยาง มค.ถ.1-0058 บ้านขี-บ้านหนองโน	MATCH seq=72 id=65097736786 bid=460000	0.71
2022-12-15	597/2565	อบจ.มหาสารคาม	ซ่อมแซมถนนลาดยาง มค.ถ.1-0041 บ้านสองคอน-บ้านคุยเชือก	MATCH seq=61 id=65097736177 bid=485000	1.0
2022-12-15	651/2565	อบจ.มหาสารคาม	ซ่อมแซมถนนลาดยาง มค.ถ.1-0035 [resend]	MATCH seq=63 id=65097737890 bid=481000	0.72
2022-12-22	623/2565	อบจ.มหาสารคาม	ซ่อมแซมถนนลาดยาง มค.ถ.1-0074 [resend]	MATCH seq=66 id=65097736466 bid=474000	0.72
2022-12-20	639/2565	อบจ.มหาสารคาม	ซ่อมแซมถนนลาดยาง มค.ถ.1-0064 บ้านท่าขอนยาง-บ้านส้มโฮง	MATCH seq=77 id=65097736709 bid=460000	0.76
2022-12-15	598/2565	อบจ.มหาสารคาม	ซ่อมแซมถนนลาดยาง มค.ถ.1-0039 [resend]	MATCH seq=79 id=65097736151 bid=467000	0.76
2023-01-06	มค.25/2566	แขวงทางหลวงมหาสารคาม	บูรณะทางผิวแอสฟัลต์ ทล.219 บรบือ-ยางสีสุราช ตอน 2	MATCH seq=13 id=67119242741 bid=9794840	0.39
2022-12-22	637/2565	อบจ.มหาสารคาม	ซ่อมแซมถนนลาดยาง มค.ถ.1-0037 บ้านคุ้มกลาง-บ้านโพนงาม	MATCH seq=76 id=65097736536 bid=468000	0.76
2022-12-22	267/2565	อบจ.มหาสารคาม	ซ่อมแซมถนนลาดยาง มค.ถ.1-0063 กันทรวิชัย-บ้านหนองแคน	MATCH seq=51 id=65077353199 bid=446000	0.8
2022-12-21	638/2565	อบจ.มหาสารคาม	ซ่อมแซมถนนลาดยาง มค.ถ.1-0070 บ้านจาน-บ้านหลุบแซง	MATCH seq=47 id=65077355755 bid=467000	0.92
2022-12-21	632/2565	อบจ.มหาสารคาม	ซ่อมแซมถนนลาดยาง มค.ถ.1-0057 บ้านหนองอุ่ม-บ้านดอนเงิน	MATCH seq=81 id=65097736756 bid=456000	0.76
2022-12-16	637/2565	อบจ.มหาสารคาม	ซ่อมแซมถนนลาดยาง มค.ถ.1-0037 [resend]	MATCH seq=63 id=65097737890 bid=481000	0.72
2023-01-20	37/2566	อบต.กุดโดน	เสริมผิวถนนแอสฟัลต์ติกฯ สายบ้านกุดโดน หมู่ 1	MATCH seq=5 id=65117386211 bid=1289000	0.81
2023-02-13	001/2566	เทศบาลตำบลแวงน่าง	Over Lay ถนนทุ่งสว่าง หมู่ 1 (2 ช่วง)	MATCH seq=6 id=65117143808 bid=2549000	0.38
2023-02-21	001/2566	เทศบาลตำบลแวงน่าง	Over Lay ถนนทุ่งสว่าง หมู่ 1 [resend]	MATCH seq=6 id=65117143808 bid=2549000	0.36
2023-03-28	2/2566	อบต.หนองทุ่ม	ปรับปรุงถนนลาดยาง มค.ถ.113-04 แยก ทล.2063	MATCH seq=21 id=65107138294 bid=1749000	0.34
2023-03-30	113/2566	เทศบาลตำบลหนองหิน	ปรับปรุงถนน กส.ถ.-003 เทศบาลหนองหิน 2 หมู่ 10	NO_AGENCY	
2023-03-30	114/2566	เทศบาลตำบลหนองหิน	ปรับปรุงถนน กส.ถ.59-033 บ้านหนองแข้ หมู่ 2 ซอย 3	NO_AGENCY	
2023-03-31	2/2566	เทศบาลตำบลร่องคำ	ปรับปรุงผิวจราจร หนองยาง-ดอนปู่ตา หมู่10-หมู่5	MATCH seq=28 id=65127276310 bid=2850000	0.68
2023-03-24	2/2566	อบต.โนนราษี	ถนนลาดยางภายในหมู่บ้านเชียงคำ หมู่ 12	MATCH seq=9 id=65127137514 bid=3189000	0.94
2023-03-31	16/2566	อบต.วังชัย	เสริมผิวแอสฟัลต์ ขก.ถ.178-01 บ้านสร้างแซ่ง-วังเกิ้ง	MATCH seq=19 id=65117526824 bid=3599000	0.62
2023-04-10	มค.35/2566	แขวงทางหลวงมหาสารคาม	บูรณะทางผิวแอสฟัลต์ ทล.2040 วาปีปทุม-พยัคฆภูมิพิสัย	MATCH seq=15 id=67119242653 bid=19993000	0.43
2022-11-04	626/2565	อบจ.มหาสารคาม	ซ่อมแซมถนนลาดยาง มค.ถ.1-0079 ทล.2237-บ้านโนนเมือง	MATCH seq=69 id=65097735626 bid=470000	0.59
2022-12-15	620/2565	อบจ.มหาสารคาม	ซ่อมแซมถนนลาดยาง มค.ถ.1-0085 บ้านคุยโพธิ์-บ้านโนนคัดเค้า	MATCH seq=75 id=65097735882 bid=466000	0.89
2022-12-07	624/2565	อบจ.มหาสารคาม	ซ่อมแซมถนนลาดยาง มค.ถ.1-0075 [resend]	MATCH seq=66 id=65097736466 bid=474000	0.72
2022-12-19	621/2565	อบจ.มหาสารคาม	ซ่อมแซมถนนลาดยาง มค.ถ.1-0081 บ้านกุดรัง-บ้านโชคชัย	MATCH seq=73 id=65097735805 bid=462000	0.87
2022-12-13	616/2565	อบจ.มหาสารคาม	ซ่อมแซมถนนลาดยาง มค.ถ.1-0091 [resend]	MATCH seq=50 id=65077341980 bid=452000	0.68
2023-04-27	24/2566	อบจ.มหาสารคาม	ซ่อมสร้างผิวจราจร มค.ถ.1-0088 บ้านหนองแก-บ้านโคกล่าม	MATCH seq=11 id=65127134015 bid=639000	0.88
2023-04-27	28/2566	อบจ.มหาสารคาม	ซ่อมสร้างผิวจราจร บ้านหนองแวง-บ้านหนองโก บรบือ	MATCH seq=15 id=65127157901 bid=639000	0.71
2023-04-27	22/2566	อบจ.มหาสารคาม	ซ่อมสร้างผิวจราจร มค.ถ.1-0072 หนองบัวสันตุ-สร้างแซง	MATCH seq=18 id=65127431844 bid=598000	0.62
2023-05-01	E001/2566	อบต.ขามเปี้ย	เสริมผิวแอสฟัลต์ บ้านจำปา หมู่ 19	MATCH seq=20 id=65117036386 bid=1849000	0.31
2023-04-27	037/2566	อบต.เมืองเสือ	ซ่อมสร้างผิวทาง OVERLAY หมู่ 5 บ้านหนองแคน	MATCH seq=37 id=66027124153 bid=308000	0.61
2023-04-27	035/2566	อบต.เมืองเสือ	ซ่อมสร้างผิวทาง OVERLAY หมู่ 7 บ้านโนนศรีสุวรรณ	MATCH seq=38 id=66027124780 bid=342000	0.66
2023-04-27	036/2566	อบต.เมืองเสือ	ซ่อมสร้างผิวทาง OVERLAY หมู่ 1 บ้านหนองกก	MATCH seq=36 id=66027118218 bid=342000	0.59
2023-05-01	34/2566	เทศบาลตำบลเมืองหงส์	เสริมผิวแอสฟัลต์ บ้านโคกกลาง หมู่5-บ้านโคกชาด หมู่6	NO_AGENCY	
2023-05-01	35/2566	เทศบาลตำบลเมืองหงส์	เสริมผิวแอสฟัลต์ รอ.ถ.44-005 บ้านโคกชาด หมู่ 6	NO_AGENCY	
2023-05-03	06/2566	อบต.ดงครั่งใหญ่	เสริมผิวลาดยาง สายบ้านโพนผุ-บ้านโนนสบาย หมู่ 6	MATCH seq=45 id=66017019179 bid=1158000	0.84
2023-05-03	01/2566	อบต.ดงครั่งใหญ่	เสริมผิวลาดยาง สายบ้านไร่อ้อยพัฒนา หมู่ 11	MATCH seq=26 id=66017039352 bid=918000	0.79
2023-05-08	7/2566	เทศบาลตำบลยางตลาด	ถนนแอสฟัลติก ถนนรัตนาราม กส.ถ.46-014 หมู่ 20	MATCH seq=19 id=65127292334 bid=1680000	0.5
2023-05-16	E02/2566	อบต.เกิ้ง	เสริมผิวจราจร มค.ถ 26-001 บ้านวังยาว หมู่4-วังน้ำเย็น หมู่14	MATCH seq=43 id=66017491590 bid=2850000	0.73
2023-05-23	E2/2566	เทศบาลตำบลกุดหว้า	ถนนแอสฟัลต์ กส.ถ.8-0025 สายเนาว์อุทิศ	MATCH seq=34 id=66017220025 bid=658000	0.74
2023-05-25	4/2566	อบต.เหล่า	เสริมผิวจราจร ถนนภายในหมู่บ้าน หมู่ 3 บ้านบัวหลวง	MATCH seq=23 id=65127322910 bid=1599000	0.62
2023-05-16	11/2566	เทศบาลตำบลโคกพระ	เสริมผิวถนน มค.ถ.6-0026 ถนนสุขาภิบาล 26 หมู่ 2	MATCH seq=29 id=66017186999 bid=548000	0.55
2023-05-31	7/2566	อบต.ม่วงลาด	เสริมผิวทาง รอ.ถ.144-03 บ้านม่วงลาด หมู่6-บ้านหนองแค หมู่8	MATCH seq=20 id=65107015550 bid=1988000	0.56
2023-06-01	115/2566	เทศบาลตำบลหนองหิน	ปรับปรุงถนน กส.ถ.59-040 บ้านหนองแข้ หมู่ 7 ซอย 2	NO_AGENCY	
2023-06-09	13/2566	อบต.เทอดไทย	ปรับปรุงถนนลาดยาง สายบ้านปอหู-ดงโต่งโต้น หมู่ 3	MATCH seq=13 id=65107093871 bid=1616000	0.47
2023-06-15	E2/2566	เทศบาลตำบลกุดหว้า	ถนนแอสฟัลต์ กส.ถ.8-0025 [resend]	MATCH seq=34 id=66017220025 bid=658000	0.35
2023-06-30	66/2566	อบจ.มหาสารคาม	ซ่อมสร้างผิวจราจร มค.ถ.1-0035 บ้านยางน้อย-บ้านห้วยม่วง	MATCH seq=12 id=65127329976 bid=598000	0.51
2023-06-29	64/2565	อบจ.มหาสารคาม	ซ่อมสร้างผิวจราจร มค.ถ.1-0041 บ้านสองคอน-บ้านคุยเชือก	MATCH seq=32 id=66017047028 bid=594000	0.88
2023-06-27	65/2566	อบจ.มหาสารคาม	ซ่อมสร้างผิวจราจร มค.ถ.1-0039 บ้านแพง-บ้านหนองกุงสวรรค์	MATCH seq=17 id=65127151286 bid=647000	0.89
2023-06-27	77/2566	อบจ.มหาสารคาม	ซ่อมสร้างผิวจราจร มค.ถ.1-0036 บ้านหัวขัว-บ้านสำโรง	MATCH seq=13 id=65127134206 bid=639000	0.75
2023-06-27	84/2566	อบจ.มหาสารคาม	ซ่อมสร้างผิวจราจร มค.ถ.1-0077 ทล.23-บ้านสำโรง	MATCH seq=16 id=65127126327 bid=647000	0.65
2023-06-30	69/2566	อบจ.มหาสารคาม	ซ่อมสร้างผิวจราจร มค.ถ.1-0085 บ้านคุยโพธิ์-บ้านโนนคัดเค้า	MATCH seq=1 id=65127132491 bid=589000	0.89
2023-07-07	98/2566	อบจ.กาฬสินธุ์	Pavement In-Place Recycling กส.ถ.1-0047 หนองกุงศรี-โคกเจริญ	MATCH seq=4 id=65127117515 bid=1868000	0.67
2023-07-17	2/2566	อบต.โพนงาม	ซ่อมแซมถนน คสล. กส.ถ.113-007 หมู่12 ธนบุรี-หมู่6 โนนไฮ	AGENCY_ONLY(3 cands,best 0.28)	
2023-07-05	78/2566	อบจ.มหาสารคาม	ซ่อมสร้างผิวจราจร ทล.2040-บ้านหนองอีดำ	MATCH seq=30 id=65127132438 bid=594000	0.68
2023-07-12	87/2566	อบจ.มหาสารคาม	ซ่อมสร้างผิวจราจร มค.ถ.1-0012 บ้านแกดำ-บ้านหนองขุ่น	MATCH seq=46 id=65127231133 bid=579000	0.88
2023-07-12	67/2566	อบจ.มหาสารคาม	ซ่อมสร้างผิวจราจร มค.ถ.1-0075 ทล.2040-หัวนาคำ	MATCH seq=10 id=65127134210 bid=579000	0.56
2023-02-15	5/2566	เทศบาลตำบลโกสุมพิสัย	ปรับปรุงถนนแอสฟัลต์ ถนนราษฎร์บูรณะ หมู่ 13	MATCH seq=9 id=65107369971 bid=2190000	0.79
2023-02-15	6/2566	เทศบาลตำบลโกสุมพิสัย	ปรับปรุงถนนแอสฟัลต์ ถนนตลาดขวัญ หมู่ 12	MATCH seq=10 id=65107371867 bid=1390000	0.77
2023-07-20	e 14/2566	อบต.กู่สันตรัตน์	ปรับปรุงซ่อมแซมถนนแอสฟัลต์ บ้านกู่ หมู่ 2	MATCH seq=53 id=66059431849 bid=469000	0.76
2023-07-18	210/2566	อบต.โพธิ์ทอง	ซ่อมสร้างถนนลาดยาง รอ.ถ 134-08 หมู่ 4 บ้านนาโพธิ์	MATCH seq=35 id=65117048555 bid=2489000	0.76
2023-07-27	639/2566	อบจ.ขอนแก่น	ถนนลาดยาง บ้านพระคือ หมู่16-วัดป่าพุทธญาณรังษี-ทล.230	MATCH seq=39 id=65127010340 bid=2748000	0.63
2023-07-20	68/2566	อบจ.มหาสารคาม	ซ่อมสร้างผิวจราจร ทล.219-บ้านโนนเกษตร-บ้านโคกหัวแจก	MATCH seq=31 id=65127131898 bid=594000	0.76
2023-07-27	3/2566	เทศบาลตำบลนาเชือก	เสริมผิวแอสฟัลต์ ถนนขิงแคง มค.ถ.9-0075 หมู่ 10	MATCH seq=51 id=66037412278 bid=1929000	0.47
2023-08-15	80/2566	อบจ.มหาสารคาม	ซ่อมสร้างผิวจราจร มค.ถ.1-0070 บ้านจาน-บ้านหลุบแซง	MATCH seq=8 id=65127133169 bid=639000	0.76
2023-08-15	104/2566	อบจ.มหาสารคาม	ซ่อมสร้างผิวจราจร มค.ถ.1-0066 บ้านสร้างแก้ว-บ้านทัพม้า	MATCH seq=14 id=65127153257 bid=639000	0.88
2023-08-09	85/2566	อบจ.มหาสารคาม	ซ่อมสร้างผิวจราจร มค.ถ.1-0045 บ้านหนองแดง-บ้านหลุบเปลือย	MATCH seq=24 id=65127331113 bid=597000	0.53
2023-08-09	105/2566	อบจ.มหาสารคาม	ซ่อมสร้างผิวจราจร มค.ถ.1-0089 บ้านนาเชือก-บ้านตลาดม่วง	MATCH seq=3 id=65127152438 bid=589000	0.88
2023-08-29	22/2566	อบต.ทรายทอง	ซ่อมสร้างเสริมผิวถนน กส.ถ.1-0004 บ้านชัยศรี-บ้านทรายทอง	MATCH seq=40 id=66017180631 bid=5985000	0.7
2023-08-17	82/2566	อบจ.มหาสารคาม	ซ่อมสร้างผิวจราจร มค.ถ.1-0072 หนองบัวสันตุ-สร้างแซง	MATCH seq=18 id=65127431844 bid=598000	0.62
2023-08-25	7/2566	เทศบาลตำบลท่าพระ	เสริมผิวจราจร ขก.ถ.17-011 ถนนบ้านแขก หมู่ 10	MATCH seq=57 id=66069019640 bid=998000	0.62
2023-08-25	8/2566	เทศบาลตำบลท่าพระ	เสริมผิวจราจร ขก.ถ.17-017 ถนนศิวิลัย หมู่ 18	MATCH seq=56 id=66069020933 bid=898000	0.62
2023-09-01	5/2566	เทศบาลตำบลร่องคำ	ปรับปรุงผิวจราจร รอบตลาดสด สุขาภิบาล 3-4	MATCH seq=54 id=66059362705 bid=849000	0.65
2023-08-30	79/2566	อบจ.มหาสารคาม	ซ่อมสร้างผิวจราจร มค.ถ.1-0027 บ้านแดง-บ้านตำแย	MATCH seq=2 id=65127133698 bid=589000	0.86
2023-09-04	86/2566	อบจ.มหาสารคาม	ซ่อมสร้างผิวจราจร มค.ถ.1-0005 บ้านหมี่-บ้านท่าตูม	MATCH seq=47 id=65127264850 bid=579000	0.87
2023-09-04	87/2566	อบจ.มหาสารคาม	ซ่อมสร้างผิวจราจร มค.ถ.1-0012 [resend]	MATCH seq=46 id=65127231133 bid=579000	0.58
2023-09-06	38/2566	อบต.เวียงสะอาด	ปรับปรุงถนนลาดยาง มค.ถ.100-45 บ้านดอนหมี-บ้านกะทะ หมู่ 8	MATCH seq=55 id=66069065719 bid=439000	0.65
2023-09-04	22/2566	อบต.เพ็กใหญ่	ปรับปรุงถนน คสล. ขก.ถ.166-20/21 หมู่ 2 บ้านยานาง	MATCH seq=61 id=66059251457 bid=739000	0.33
2023-08-30	83/2566	อบจ.มหาสารคาม	ซ่อมสร้างผิวจราจร มค.ถ.1-0087 บ้านปะหลาน-บ้านดอนลี่	MATCH seq=1 id=66119265929 bid=719000	0.68
2023-09-21	CNTR-0121/66	อบต.ประชาพัฒนา	เสริมผิวทาง บ้านประชาอาสา หมู่ 7	MATCH seq=80 id=66089201247 bid=387000	0.75
2023-09-21	CNTR-0130/66	อบต.ประชาพัฒนา	เสริมผิวถนน บ้านประชาสามัคคี หมู่ 10	MATCH seq=64 id=66069180791 bid=994000	0.75
2023-09-15	24/2566	อบต.แวงน่าง	เสริมผิวทาง บ้านดงน้อย หมู่4-บ้านดอนบม หมู่6	MATCH seq=63 id=66069071244 bid=749000	0.71
2023-09-15	25/2566	อบต.แวงน่าง	ปรับปรุงผิวจราจร ซอยวัดป่ามงคลธรรม-ซอยเทคนิค หนองเส็ง	MATCH seq=89 id=66079323413 bid=423000	0.67
2023-09-25	มค.46/2566	สนง.ทางหลวงที่ 8	บูรณะโครงข่าย ทล.2040 วาปีปทุม-พยัคฆภูมิพิสัย	NO_AGENCY	
2023-09-29	E03/2566	อบต.หนองเม็ก	ปรับปรุงผิวจราจร มค.ถ.128-04 หนองเม็ก หมู่3-หนองแหน หมู่12	MATCH seq=62 id=66069269970 bid=944000	0.6
2023-10-09	12/2566	อบต.หนองทุ่ม	ถนนลาดยางแอสฟัลต์ หมู่ 10 (750 ตร.ม.)	MATCH seq=94 id=66079449105 bid=349000	0.46
2023-10-09	13/2566	อบต.หนองทุ่ม	ถนนลาดยางแอสฟัลต์ 2 ช่วงทาง บ้านหนองทุ่ม	MATCH seq=59 id=66069341166 bid=515000	0.62
2023-09-18	E 04/2566	อบต.โคกพระ	ปรับปรุงผิวทาง บ้านคอกม้า หมู่ 15-บ้านเหล่า	MATCH seq=52 id=66059095745 bid=1188000	0.65
2023-08-30	79/2566	อบจ.มหาสารคาม	ซ่อมสร้างผิวจราจร มค.ถ.1-0027 [resend]	MATCH seq=2 id=65127133698 bid=589000	0.58
2023-11-06	14/2567	อบต.แวงน่าง	เสริมผิวแอสฟัลต์ บ้านดงน้อย หมู่4-บ้านดอนบม หมู่6	MATCH seq=63 id=66069071244 bid=749000	0.75
2023-11-28	8/2567	เทศบาลตำบลกุดสิม	ปรับปรุงเสริมผิวจราจร หลังร้านรวมชัย หมู่ 6 บ้านกุดปลาค้าว	MATCH seq=70 id=66089158759 bid=618000	0.78
2024-01-09	008/2567	เทศบาลตำบลหนองหาน	เสริมผิวจราจร ถนนพิพัฒน์สะพุงเลิศ หมู่ 11,18	MATCH seq=74 id=66099316836 bid=1075000	0.74
2024-01-10	1/2567	เทศบาลตำบลโนนบุรี	ปรับปรุงผิวจราจร ถนนสุขาภิบาล 4 หมู่ 1 บ้านโนนบุรี	MATCH seq=73 id=66099537384 bid=1118000	0.95
2024-01-26	24/2567	อบต.ภูผาม่าน	ซ่อมสร้างถนน ขก.ถ.168-03 นาน้ำซำ-โนนทองหลาง หมู่ 5	MATCH seq=67 id=66089700725 bid=2898000	0.51
2024-02-02	10/2567	เทศบาลตำบลพระลับ	เสริมผิวจราจร ศาลาประชาคม-รร.บ้านเลิงเปือย หมู่ 18	MATCH seq=76 id=66109326130 bid=499000	0.55
2024-02-19	2/2567	อบต.นาคำไฮ	ซ่อมสร้างผิวทาง บ้านโนนสมบูรณ์-กุดฉิม-หนองสวรรค์	MATCH seq=66 id=66069517728 bid=2444000	0.62
2024-03-05	3/2567	เทศบาลตำบลโนนท่อน	ปรับปรุงเสริมผิว บ้านบึงแก หมู่ 4	MATCH seq=118 id=66129404855 bid=213800	0.76
2024-03-05	2/2567	เทศบาลตำบลโนนท่อน	ปรับปรุงถนนลาดยาง ถนนสามัคคี-แยกโรงไฟฟ้า หมู่ 7	MATCH seq=77 id=66119125470 bid=535000	0.61
2024-04-03	102/2567	อบจ.มหาสารคาม	ซ่อมสร้างผิวจราจร มค.ถ.1-0085 บ้านคุยโพธิ์-บ้านโนนคัดเค้า	MATCH seq=1 id=65127132491 bid=589000	0.89
2024-04-03	100/2567	อบจ.มหาสารคาม	ซ่อมสร้างผิวจราจร มค.ถ.1-0077 บ้านกุดเม็ก-บ้านสำโรง	MATCH seq=16 id=65127126327 bid=647000	0.49
2024-04-03	15/2567	อบต.หนองแดง	เสริมผิวจราจร ซอย รร.โสกเต็นวิทยาคม หมู่ 8	MATCH seq=5 id=66129369280 bid=475000	0.53
2024-04-03	14/2567	อบต.หนองแดง	ปรับปรุงผิวจราจร บ้านหนองโก หมู่ 2	MATCH seq=132 id=67029115603 bid=72000	0.77
2024-04-05	99/2567	อบจ.มหาสารคาม	ซ่อมสร้างผิวจราจร มค.ถ.1-0087 บ้านปะหลาน-บ้านดอนหลี่	MATCH seq=1 id=66119265929 bid=719000	0.76
2024-04-03	13/2567	อบต.หนองแดง	เสริมผิวจราจร ขก.ถ.201-02 บ้านโพธิ์ทอง หมู่ 7	MATCH seq=133 id=67029116246 bid=355000	0.67
2024-04-17	216/2567	อบต.วังชมภู	เสริมผิวทาง ชย.ถ.111-007 นางแดดโคก-ห้วยหินหนีบ	MATCH seq=6 id=67019453344 bid=439000	0.71
2024-04-18	E01/2567	เทศบาลตำบลนาดี	ปรับปรุงถนน บ้านนาฝาย หมู่2-บ้านนาดี หมู่8	MATCH seq=7 id=67019137077 bid=1039000	0.62
2024-04-25	10/2567	อบต.นากอก	ปรับปรุงถนน คสล. บ้านโนนงาม หมู่ 9	MATCH seq=120 id=67039182225 bid=366300	0.67
2024-04-25	11/2567	อบต.นากอก	ปรับปรุงถนน คสล. บ้านตาลเดี่ยว หมู่ 11	MATCH seq=138 id=67049059962 bid=407000	0.68
2024-05-21	118/2567	อบจ.มหาสารคาม	ซ่อมสร้างผิวจราจร มค.ถ.1-0078 บ้านโคกสี-บ้านนาเลา	MATCH seq=11 id=67019361700 bid=755000	0.61
2024-05-20	83/2567	อบต.คันธาราษฎร์	ปรับปรุงถนน คสล.เป็นลาดยาง บ้านโพนงาม หมู่ 10	MATCH seq=103 id=67049473148 bid=276000	0.51
2024-06-04	16/2567	อบต.นากอก	ปรับปรุงถนนลาดยาง นภ.3030 บ้านโนนงาม หมู่ 9	MATCH seq=114 id=67059143178 bid=477600	0.64
2024-06-04	14/2567	อบต.นากอก	ปรับปรุงถนนลาดยาง บ้านโคกม่วง หมู่ 4-บ้านโคกสูง	MATCH seq=113 id=67039089635 bid=454000	0.69
2024-06-20	นภ./13/2567	สนง.ทางหลวงที่ 6	บูรณะทางผิวแอสฟัลต์ ทล.2420 ศรีบุญเรือง-นากลาง ตอน 4	NO_AGENCY	
2024-06-21	มค.38/2567	แขวงทางหลวงมหาสารคาม	บูรณะทางผิวแอสฟัลต์ ทล.291 เลี่ยงเมืองมหาสารคาม	MATCH seq=15 id=67039611227 bid=19982717	0.77
2024-07-04	มค.44/2567	แขวงทางหลวงมหาสารคาม	บูรณะโครงข่าย ทล.2040 มหาสารคาม-วาปีปทุม ตอน 3	MATCH seq=16 id=67039613566 bid=19982000	0.71
2024-07-08	3/2567	เทศบาลตำบลร่องคำ	ปรับปรุงผิวจราจร กส.ถ.47-004 ถนนศรีเมืองใหม่ หมู่ 13	MATCH seq=21 id=67039527685 bid=1424000	0.85
2024-07-08	4/2567	เทศบาลตำบลร่องคำ	ปรับปรุงผิวจราจร กส.ถ.47-003 ถนนธรรมฑูต หมู่ 2,4,9,13	MATCH seq=20 id=67039527362 bid=1794000	0.66
