2021-11-22	303/2564	2021-09-29	อบจ.มหาสารคาม	ซ่อมแซมถนนลาดยาง บ้านเขวาน้อย-บ้านโคกก่อ มค.ถ.1-0024
2021-11-12	366/2564	2021-09-29	อบจ.มหาสารคาม	ซ่อมแซมถนนลาดยาง มค.ถ.1-0074 สามแยก ทล.23-บ้านหนองกุงเต่า
2021-11-12	367/2564	2021-09-29	อบจ.มหาสารคาม	ซ่อมแซมถนนลาดยาง มค.ถ.1-0075 ทล.2040-บ้านหัวนาคำ
2021-11-12	258/2564	2021-09-29	อบจ.มหาสารคาม	ซ่อมแซมถนนลาดยาง มค.ถ.1-0079 ทล.2237-บ้านโนนเมือง
2021-11-12	309/2564	2021-09-29	อบจ.มหาสารคาม	ซ่อมแซมถนนลาดยาง มค.ถ.1-0035 บ้านยางน้อย-บ้านห้วยม่วง
2021-11-12	304/2564	2021-09-29	อบจ.มหาสารคาม	ซ่อมแซมถนนลาดยาง มค.ถ.1-0034 บ้านดอนกลอย-บ้านเหล่าโพธิ์ชัย
2021-11-12	310/2564	2021-09-29	อบจ.มหาสารคาม	ซ่อมแซมถนนลาดยาง มค.ถ.1-0036 บ้านหัวขัว-บ้านสำโรง
2021-11-12	362/2564	2021-09-29	อบจ.มหาสารคาม	ซ่อมแซมถนนลาดยาง มค.ถ.1-0069 บ้านสระแก้ว-บ้านหนองแวง
2021-11-12	361/2564	2021-09-29	อบจ.มหาสารคาม	ซ่อมแซมถนนลาดยาง มค.ถ.1-0068 ปากทางเชียงยืน-บ้านนาทอง
2021-11-12	360/2564	2021-09-29	อบจ.มหาสารคาม	ซ่อมแซมถนนลาดยาง มค.ถ.1-0066 บ้านสร้างแก้ว-บ้านทับม้า
2021-11-12	363/2564	2021-09-29	อบจ.มหาสารคาม	ซ่อมแซมถนนลาดยาง มค.ถ.1-0070 บ้านจาน-บ้านหลุบแซง
2021-11-24	300/2564	2021-09-29	อบจ.มหาสารคาม	ซ่อมแซมถนนลาดยาง มค.ถ.1-0019 บ้านโคกก่อง-บ้านวังปลาโด
2021-11-24	302/2564	2021-09-29	อบจ.มหาสารคาม	ซ่อมแซมถนนลาดยาง มค.ถ.1-0021 บ้านพงโพด-บ้านวังไฮ
2021-11-24	301/2564	2021-09-29	อบจ.มหาสารคาม	ซ่อมแซมถนนลาดยาง มค.ถ.1-0025 บ้านเขวาน้อย-บ้านเหล่าใหญ่
2021-11-24	320/2564	2021-09-29	อบจ.มหาสารคาม	ซ่อมแซมถนนลาดยาง มค.ถ.1-0092 บ้านบ่อแก-บ้านวังไฮ
2021-11-26	302/2564	2021-09-29	อบจ.มหาสารคาม	ซ่อมแซมถนนลาดยาง มค.ถ.1-0021 บ้านพงโพด-บ้านวังไฮ [resend]
2021-11-25	336/2564	2021-09-29	อบจ.มหาสารคาม	ซ่อมแซมถนนลาดยาง มค.ถ.1-0058 บ้านขี-บ้านหนองโน-บ้านบ่อน้อย
2021-11-25	311/2564	2021-09-29	อบจ.มหาสารคาม	ซ่อมแซมถนนลาดยาง มค.ถ.1-0039 บ้านแพง-บ้านหนองกุงสวรรค์
2021-12-07	334/2564	2021-09-29	อบจ.มหาสารคาม	ซ่อมแซมถนนลาดยาง มค.ถ.1-0059 บ้านหัวขัว-บ้านสมศรี
2021-12-07	368/2564	2021-09-30	อบจ.มหาสารคาม	ซ่อมแซมถนนลาดยาง มค.ถ.1-0077 ทล.23-บ้านสำโรง
2021-12-07	377/2564	2021-09-30	อบจ.มหาสารคาม	ซ่อมแซมถนนลาดยาง มค.ถ.1-0085 บ้านคุยโพธิ์-บ้านโนนคัดเค้า
2021-12-14	344/2564	2021-09-29	อบจ.มหาสารคาม	ซ่อมแซมถนนลาดยาง มค.ถ.1-0063 กันทรวิชัย-บ้านหนองแคน
2021-12-14	342/2564	2021-09-29	อบจ.มหาสารคาม	ซ่อมแซมถนนลาดยาง มค.ถ.1-0091 บ้านทัน-บ้านหนองกุงสวรรค์
2021-12-14	326/2564	2021-09-29	อบจ.มหาสารคาม	ซ่อมแซมถนนลาดยาง มค.ถ.1-0037 บ้านคุ้มกลาง-บ้านโพนงาม
2021-12-14	335/2564	2021-09-29	อบจ.มหาสารคาม	ซ่อมแซมถนนลาดยาง มค.ถ.1-0057 บ้านหนองอุ่ม-บ้านดอนเงิน
2021-12-16	341/2564	2021-09-29	อบจ.มหาสารคาม	ซ่อมแซมถนนลาดยาง มค.ถ.1-0060 บ้านขี-บ้านดอนเงิน
2021-12-16	312/2564	2021-09-29	อบจ.มหาสารคาม	ซ่อมแซมถนนลาดยาง มค.ถ.1-0041 บ้านสองคอน-บ้านคุยเชือก
2021-11-25	255/2564	2021-09-29	อบจ.มหาสารคาม	ซ่อมแซมถนนลาดยาง มค.ถ.1-0081 บ้านกุดรัง-บ้านโชคชัย
2021-11-25	254/2564	2021-09-29	อบจ.มหาสารคาม	ซ่อมแซมถนนลาดยาง มค.ถ.1-0062 บ้านดอนหน่อง-บ้านดอนดู่
2021-12-23	260/2564	2021-09-29	อบจ.มหาสารคาม	ซ่อมแซมถนนลาดยาง มค.ถ.1-0064 บ้านท่าขอนยาง-บ้านส้มโฮง
2021-12-14	342/2564	2021-09-29	อบจ.มหาสารคาม	ซ่อมแซมถนนลาดยาง มค.ถ.1-0091 บ้านทัน-บ้านหนองกุงสวรรค์ [resend]
2022-04-08	มค.95/2565	2022-02-10	แขวงทางหลวงมหาสารคาม	บูรณะทางผิวแอสฟัลต์ ทล.2381 นาเชือก-โพธิ์ทอง ตอน 1
2022-04-28	มค.94/2565	2022-02-10	แขวงทางหลวงมหาสารคาม	บูรณะโครงข่าย ทล.208 หนองสระพัง-มหาสารคาม ตอน 2
2022-08-29	009/2565	2022-07-21	เทศบาลตำบลแวงน่าง	Over-Lay ถนนรอบหนองบ้าน หมู่ 1
2022-09-12	จ(กอ)16/2565	2022-06-30	ม.มหาสารคาม	ปรับปรุงพื้นผิวถนนข้างตลาดน้อย
2022-09-13	401/2565	2022-07-22	อบจ.มหาสารคาม	ซ่อมแซมถนนลาดยาง มค.ถ.1-0063 กันทรวิชัย-บ้านหนองแคน
2022-09-04	402/2565	2022-07-22	อบจ.มหาสารคาม	ซ่อมแซมถนนลาดยาง มค.ถ.1-0066 บ้านสร้างแก้ว-บ้านทัพม้า
2022-09-04	403/2565	2022-07-22	อบจ.มหาสารคาม	ซ่อมแซมถนนลาดยาง มค.ถ.1-0070 บ้านจาน-บ้านหลุบแซง
2022-09-01	417/2565	2022-07-22	อบจ.มหาสารคาม	ซ่อมแซมถนนลาดยาง มค.ถ.1-0034 บ้านดอนกลอย-บ้านเหล่าโพธิ์ชัย
2022-09-20	413/2565	2022-07-22	อบจ.มหาสารคาม	ซ่อมแซมถนนลาดยาง มค.ถ.1-0008 บ้านหัวขัว-บ้านโคกลิ่น
2022-09-13	412/2565	2022-07-22	อบจ.มหาสารคาม	ซ่อมแซมถนนลาดยาง ทล.208-บ้านหินแห่ เขวาไร่
2022-09-01	407/2565	2022-07-22	อบจ.มหาสารคาม	ซ่อมแซมถนนลาดยาง มค.ถ.1-0091 บ้านทัน-บ้านหนองกุงสวรรค์
2022-09-19	411/2565	2022-07-22	อบจ.มหาสารคาม	ซ่อมแซมถนน บ้านหนองแวง-บ้านหนองโก บรบือ
2022-09-19	405/2565	2022-07-22	อบจ.มหาสารคาม	ซ่อมแซมถนนลาดยาง มค.ถ.1-0074 ทล.23-บ้านบ่อน้อย
2022-09-15	417/2565	2022-07-22	อบจ.มหาสารคาม	ซ่อมแซมถนนลาดยาง มค.ถ.1-0034 [resend]
2022-09-21	409/2565	2022-07-22	อบจ.มหาสารคาม	ซ่อมแซมถนนลาดยาง มค.ถ.1-0012 บ้านแกดำ-บ้านหนองขุน
2022-10-31	598/2565	2022-09-29	อบจ.มหาสารคาม	ซ่อมแซมถนนลาดยาง มค.ถ.1-0039 บ้านแพง-บ้านหนองกุงสวรรค์
2022-10-31	616/2565	2022-09-29	อบจ.มหาสารคาม	ซ่อมแซมถนนลาดยาง มค.ถ.1-0091 บ้านทัน-บ้านหนองกุงสวรรค์
2022-11-04	615/2565	2022-09-29	อบจ.มหาสารคาม	ซ่อมแซมถนนลาดยาง ทล.2040-บ้านหนองอีดำ
2022-11-03	624/2565	2022-09-29	อบจ.มหาสารคาม	ซ่อมแซมถนนลาดยาง มค.ถ.1-0075 ทล.2040-บ้านหัวนาคำ
2022-11-08	623/2565	2022-09-29	อบจ.มหาสารคาม	ซ่อมแซมถนนลาดยาง มค.ถ.1-0074 ทล.23-บ้านหนองกุงเต่า
2022-11-03	651/2565	2022-09-29	อบจ.มหาสารคาม	ซ่อมแซมถนนลาดยาง มค.ถ.1-0035 บ้านยางน้อย-บ้านห้วยม่วง
2022-11-15	644/2565	2022-09-29	อบจ.มหาสารคาม	ซ่อมแซมถนนลาดยาง มค.ถ.1-0015 บ้านหมี่-บ้านท่าตูม
2022-11-15	646/2565	2022-09-29	อบจ.มหาสารคาม	ซ่อมแซมถนนลาดยาง มค.ถ.1-0011 บ้านหมากค่า-บ้านหนองดุก
2022-11-21	628/2565	2022-09-29	อบจ.มหาสารคาม	ซ่อมแซมถนนลาดยาง มค.ถ.1-0093 บ้านเกิ้ง-บ้านเปลือยน้ำ
2022-12-16	มค.14/2566	2022-11-22	แขวงทางหลวงมหาสารคาม	บูรณะทางผิวแอสฟัลต์ ทล.2063 บรบือ-โคกสี ตอน 2
2022-12-16	มค.15/2566	2022-11-22	แขวงทางหลวงมหาสารคาม	บูรณะทางผิวแอสฟัลต์ ทล.2063 บรบือ-โคกสี ตอน 3
2022-12-19	มค.13/2566	2022-11-21	แขวงทางหลวงมหาสารคาม	บูรณะทางผิวแอสฟัลต์ ทล.219 บรบือ-ยางสีสุราช ตอน 3
2022-12-20	645/2565	2022-09-29	อบจ.มหาสารคาม	ซ่อมแซมถนนลาดยาง มค.ถ.1-0006 บ้านนานกเขียน-บ้านหนองโก
2022-12-20	631/2565	2022-09-29	อบจ.มหาสารคาม	ซ่อมแซมถนนลาดยาง มค.ถ.1-0060 บ้านขี-บ้านดอนเงิน
2022-12-20	634/2565	2022-09-29	อบจ.มหาสารคาม	ซ่อมแซมถนนลาดยาง มค.ถ.1-0059 บ้านหัวขัว-บ้านสมศรี
2022-12-20	630/2565	2022-09-29	อบจ.มหาสารคาม	ซ่อมแซมถนนลาดยาง มค.ถ.1-0058 บ้านขี-บ้านหนองโน
2022-12-15	597/2565	2022-09-29	อบจ.มหาสารคาม	ซ่อมแซมถนนลาดยาง มค.ถ.1-0041 บ้านสองคอน-บ้านคุยเชือก
2022-12-15	651/2565	2022-09-29	อบจ.มหาสารคาม	ซ่อมแซมถนนลาดยาง มค.ถ.1-0035 [resend]
2022-12-22	623/2565	2022-09-29	อบจ.มหาสารคาม	ซ่อมแซมถนนลาดยาง มค.ถ.1-0074 [resend]
2022-12-20	639/2565	2022-09-29	อบจ.มหาสารคาม	ซ่อมแซมถนนลาดยาง มค.ถ.1-0064 บ้านท่าขอนยาง-บ้านส้มโฮง
2022-12-15	598/2565	2022-09-29	อบจ.มหาสารคาม	ซ่อมแซมถนนลาดยาง มค.ถ.1-0039 [resend]
2023-01-06	มค.25/2566	2022-11-29	แขวงทางหลวงมหาสารคาม	บูรณะทางผิวแอสฟัลต์ ทล.219 บรบือ-ยางสีสุราช ตอน 2
2022-12-22	637/2565	2022-09-29	อบจ.มหาสารคาม	ซ่อมแซมถนนลาดยาง มค.ถ.1-0037 บ้านคุ้มกลาง-บ้านโพนงาม
2022-12-22	267/2565	2022-09-29	อบจ.มหาสารคาม	ซ่อมแซมถนนลาดยาง มค.ถ.1-0063 กันทรวิชัย-บ้านหนองแคน
2022-12-21	638/2565	2022-09-29	อบจ.มหาสารคาม	ซ่อมแซมถนนลาดยาง มค.ถ.1-0070 บ้านจาน-บ้านหลุบแซง
2022-12-21	632/2565	2022-09-29	อบจ.มหาสารคาม	ซ่อมแซมถนนลาดยาง มค.ถ.1-0057 บ้านหนองอุ่ม-บ้านดอนเงิน
2022-12-16	637/2565	2022-09-29	อบจ.มหาสารคาม	ซ่อมแซมถนนลาดยาง มค.ถ.1-0037 [resend]
2023-01-20	37/2566	2022-12-22	อบต.กุดโดน	เสริมผิวถนนแอสฟัลต์ติกฯ สายบ้านกุดโดน หมู่ 1
2023-02-13	001/2566	2022-12-27	เทศบาลตำบลแวงน่าง	Over Lay ถนนทุ่งสว่าง หมู่ 1 (2 ช่วง)
2023-02-21	001/2566	2022-12-27	เทศบาลตำบลแวงน่าง	Over Lay ถนนทุ่งสว่าง หมู่ 1 [resend]
2023-03-28	2/2566	2023-01-31	อบต.หนองทุ่ม	ปรับปรุงถนนลาดยาง มค.ถ.113-04 แยก ทล.2063
2023-03-30	113/2566	2023-02-01	เทศบาลตำบลหนองหิน	ปรับปรุงถนน กส.ถ.-003 เทศบาลหนองหิน 2 หมู่ 10
2023-03-30	114/2566	2023-02-01	เทศบาลตำบลหนองหิน	ปรับปรุงถนน กส.ถ.59-033 บ้านหนองแข้ หมู่ 2 ซอย 3
2023-03-31	2/2566	2023-02-15	เทศบาลตำบลร่องคำ	ปรับปรุงผิวจราจร หนองยาง-ดอนปู่ตา หมู่10-หมู่5
2023-03-24	2/2566	2023-01-31	อบต.โนนราษี	ถนนลาดยางภายในหมู่บ้านเชียงคำ หมู่ 12
2023-03-31	16/2566	2023-01-30	อบต.วังชัย	เสริมผิวแอสฟัลต์ ขก.ถ.178-01 บ้านสร้างแซ่ง-วังเกิ้ง
2023-04-10	มค.35/2566	2023-01-20	แขวงทางหลวงมหาสารคาม	บูรณะทางผิวแอสฟัลต์ ทล.2040 วาปีปทุม-พยัคฆภูมิพิสัย
2022-11-04	626/2565	2022-09-29	อบจ.มหาสารคาม	ซ่อมแซมถนนลาดยาง มค.ถ.1-0079 ทล.2237-บ้านโนนเมือง
2022-12-15	620/2565	2022-09-29	อบจ.มหาสารคาม	ซ่อมแซมถนนลาดยาง มค.ถ.1-0085 บ้านคุยโพธิ์-บ้านโนนคัดเค้า
2022-12-07	624/2565	2022-09-29	อบจ.มหาสารคาม	ซ่อมแซมถนนลาดยาง มค.ถ.1-0075 [resend]
2022-12-19	621/2565	2022-09-29	อบจ.มหาสารคาม	ซ่อมแซมถนนลาดยาง มค.ถ.1-0081 บ้านกุดรัง-บ้านโชคชัย
2022-12-13	616/2565	2022-09-29	อบจ.มหาสารคาม	ซ่อมแซมถนนลาดยาง มค.ถ.1-0091 [resend]
2023-04-27	24/2566	2023-02-08	อบจ.มหาสารคาม	ซ่อมสร้างผิวจราจร มค.ถ.1-0088 บ้านหนองแก-บ้านโคกล่าม
2023-04-27	28/2566	2023-02-08	อบจ.มหาสารคาม	ซ่อมสร้างผิวจราจร บ้านหนองแวง-บ้านหนองโก บรบือ
2023-04-27	22/2566	2023-02-08	อบจ.มหาสารคาม	ซ่อมสร้างผิวจราจร มค.ถ.1-0072 หนองบัวสันตุ-สร้างแซง
2023-05-01	E001/2566	2023-02-06	อบต.ขามเปี้ย	เสริมผิวแอสฟัลต์ บ้านจำปา หมู่ 19
2023-04-27	037/2566	2023-02-27	อบต.เมืองเสือ	ซ่อมสร้างผิวทาง OVERLAY หมู่ 5 บ้านหนองแคน
2023-04-27	035/2566	2023-02-27	อบต.เมืองเสือ	ซ่อมสร้างผิวทาง OVERLAY หมู่ 7 บ้านโนนศรีสุวรรณ
2023-04-27	036/2566	2023-02-27	อบต.เมืองเสือ	ซ่อมสร้างผิวทาง OVERLAY หมู่ 1 บ้านหนองกก
2023-05-01	34/2566	2023-02-10	เทศบาลตำบลเมืองหงส์	เสริมผิวแอสฟัลต์ บ้านโคกกลาง หมู่5-บ้านโคกชาด หมู่6
2023-05-01	35/2566	2023-02-10	เทศบาลตำบลเมืองหงส์	เสริมผิวแอสฟัลต์ รอ.ถ.44-005 บ้านโคกชาด หมู่ 6
2023-05-03	06/2566	2023-03-14	อบต.ดงครั่งใหญ่	เสริมผิวลาดยาง สายบ้านโพนผุ-บ้านโนนสบาย หมู่ 6
2023-05-03	01/2566	2023-02-15	อบต.ดงครั่งใหญ่	เสริมผิวลาดยาง สายบ้านไร่อ้อยพัฒนา หมู่ 11
2023-05-08	7/2566	2023-02-09	เทศบาลตำบลยางตลาด	ถนนแอสฟัลติก ถนนรัตนาราม กส.ถ.46-014 หมู่ 20
2023-05-16	E02/2566	2023-03-21	อบต.เกิ้ง	เสริมผิวจราจร มค.ถ 26-001 บ้านวังยาว หมู่4-วังน้ำเย็น หมู่14
2023-05-23	E2/2566	2023-02-22	เทศบาลตำบลกุดหว้า	ถนนแอสฟัลต์ กส.ถ.8-0025 สายเนาว์อุทิศ
2023-05-25	4/2566	2023-03-02	อบต.เหล่า	เสริมผิวจราจร ถนนภายในหมู่บ้าน หมู่ 3 บ้านบัวหลวง
2023-05-16	11/2566	2023-03-03	เทศบาลตำบลโคกพระ	เสริมผิวถนน มค.ถ.6-0026 ถนนสุขาภิบาล 26 หมู่ 2
2023-05-31	7/2566	2023-02-15	อบต.ม่วงลาด	เสริมผิวทาง รอ.ถ.144-03 บ้านม่วงลาด หมู่6-บ้านหนองแค หมู่8
2023-06-01	115/2566	2023-02-01	เทศบาลตำบลหนองหิน	ปรับปรุงถนน กส.ถ.59-040 บ้านหนองแข้ หมู่ 7 ซอย 2
2023-06-09	13/2566	2023-01-16	อบต.เทอดไทย	ปรับปรุงถนนลาดยาง สายบ้านปอหู-ดงโต่งโต้น หมู่ 3
2023-06-15	E2/2566	2023-02-22	เทศบาลตำบลกุดหว้า	ถนนแอสฟัลต์ กส.ถ.8-0025 [resend]
2023-06-30	66/2566	2023-03-23	อบจ.มหาสารคาม	ซ่อมสร้างผิวจราจร มค.ถ.1-0035 บ้านยางน้อย-บ้านห้วยม่วง
2023-06-29	64/2565	2023-03-23	อบจ.มหาสารคาม	ซ่อมสร้างผิวจราจร มค.ถ.1-0041 บ้านสองคอน-บ้านคุยเชือก
2023-06-27	65/2566	2023-03-23	อบจ.มหาสารคาม	ซ่อมสร้างผิวจราจร มค.ถ.1-0039 บ้านแพง-บ้านหนองกุงสวรรค์
2023-06-27	77/2566	2023-04-19	อบจ.มหาสารคาม	ซ่อมสร้างผิวจราจร มค.ถ.1-0036 บ้านหัวขัว-บ้านสำโรง
2023-06-27	84/2566	2023-04-19	อบจ.มหาสารคาม	ซ่อมสร้างผิวจราจร มค.ถ.1-0077 ทล.23-บ้านสำโรง
2023-06-30	69/2566	2023-03-23	อบจ.มหาสารคาม	ซ่อมสร้างผิวจราจร มค.ถ.1-0085 บ้านคุยโพธิ์-บ้านโนนคัดเค้า
2023-07-07	98/2566	2023-02-09	อบจ.กาฬสินธุ์	Pavement In-Place Recycling กส.ถ.1-0047 หนองกุงศรี-โคกเจริญ
2023-07-17	2/2566	2023-02-15	อบต.โพนงาม	ซ่อมแซมถนน คสล. กส.ถ.113-007 หมู่12 ธนบุรี-หมู่6 โนนไฮ
2023-07-05	78/2566	2023-04-19	อบจ.มหาสารคาม	ซ่อมสร้างผิวจราจร ทล.2040-บ้านหนองอีดำ
2023-07-12	87/2566	2023-04-24	อบจ.มหาสารคาม	ซ่อมสร้างผิวจราจร มค.ถ.1-0012 บ้านแกดำ-บ้านหนองขุ่น
2023-07-12	67/2566	2023-03-23	อบจ.มหาสารคาม	ซ่อมสร้างผิวจราจร มค.ถ.1-0075 ทล.2040-หัวนาคำ
2023-02-15	5/2566	2022-12-23	เทศบาลตำบลโกสุมพิสัย	ปรับปรุงถนนแอสฟัลต์ ถนนราษฎร์บูรณะ หมู่ 13
2023-02-15	6/2566	2022-12-23	เทศบาลตำบลโกสุมพิสัย	ปรับปรุงถนนแอสฟัลต์ ถนนตลาดขวัญ หมู่ 12
2023-07-20	e 14/2566	2023-06-29	อบต.กู่สันตรัตน์	ปรับปรุงซ่อมแซมถนนแอสฟัลต์ บ้านกู่ หมู่ 2
2023-07-18	210/2566	2023-02-22	อบต.โพธิ์ทอง	ซ่อมสร้างถนนลาดยาง รอ.ถ 134-08 หมู่ 4 บ้านนาโพธิ์
2023-07-27	639/2566	2023-03-29	อบจ.ขอนแก่น	ถนนลาดยาง บ้านพระคือ หมู่16-วัดป่าพุทธญาณรังษี-ทล.230
2023-07-20	68/2566	2023-03-23	อบจ.มหาสารคาม	ซ่อมสร้างผิวจราจร ทล.219-บ้านโนนเกษตร-บ้านโคกหัวแจก
2023-07-27	3/2566	2023-06-08	เทศบาลตำบลนาเชือก	เสริมผิวแอสฟัลต์ ถนนขิงแคง มค.ถ.9-0075 หมู่ 10
2023-08-15	80/2566	2023-04-19	อบจ.มหาสารคาม	ซ่อมสร้างผิวจราจร มค.ถ.1-0070 บ้านจาน-บ้านหลุบแซง
2023-08-15	104/2566	2023-05-11	อบจ.มหาสารคาม	ซ่อมสร้างผิวจราจร มค.ถ.1-0066 บ้านสร้างแก้ว-บ้านทัพม้า
2023-08-09	85/2566	2023-04-19	อบจ.มหาสารคาม	ซ่อมสร้างผิวจราจร มค.ถ.1-0045 บ้านหนองแดง-บ้านหลุบเปลือย
2023-08-09	105/2566	2023-05-11	อบจ.มหาสารคาม	ซ่อมสร้างผิวจราจร มค.ถ.1-0089 บ้านนาเชือก-บ้านตลาดม่วง
2023-08-29	22/2566	2023-07-20	อบต.ทรายทอง	ซ่อมสร้างเสริมผิวถนน กส.ถ.1-0004 บ้านชัยศรี-บ้านทรายทอง
2023-08-17	82/2566	2023-04-19	อบจ.มหาสารคาม	ซ่อมสร้างผิวจราจร มค.ถ.1-0072 หนองบัวสันตุ-สร้างแซง
2023-08-25	7/2566	2023-07-11	เทศบาลตำบลท่าพระ	เสริมผิวจราจร ขก.ถ.17-011 ถนนบ้านแขก หมู่ 10
2023-08-25	8/2566	2023-07-11	เทศบาลตำบลท่าพระ	เสริมผิวจราจร ขก.ถ.17-017 ถนนศิวิลัย หมู่ 18
2023-09-01	5/2566	2023-07-04	เทศบาลตำบลร่องคำ	ปรับปรุงผิวจราจร รอบตลาดสด สุขาภิบาล 3-4
2023-08-30	79/2566	2023-04-19	อบจ.มหาสารคาม	ซ่อมสร้างผิวจราจร มค.ถ.1-0027 บ้านแดง-บ้านตำแย
2023-09-04	86/2566	2023-04-21	อบจ.มหาสารคาม	ซ่อมสร้างผิวจราจร มค.ถ.1-0005 บ้านหมี่-บ้านท่าตูม
2023-09-04	87/2566	2023-04-24	อบจ.มหาสารคาม	ซ่อมสร้างผิวจราจร มค.ถ.1-0012 [resend]
2023-09-06	38/2566	2023-07-25	อบต.เวียงสะอาด	ปรับปรุงถนนลาดยาง มค.ถ.100-45 บ้านดอนหมี-บ้านกะทะ หมู่ 8
2023-09-04	22/2566	2023-07-10	อบต.เพ็กใหญ่	ปรับปรุงถนน คสล. ขก.ถ.166-20/21 หมู่ 2 บ้านยานาง
2023-08-30	83/2566	2023-04-19	อบจ.มหาสารคาม	ซ่อมสร้างผิวจราจร มค.ถ.1-0087 บ้านปะหลาน-บ้านดอนลี่
2023-09-21	CNTR-0121/66	2023-08-11	อบต.ประชาพัฒนา	เสริมผิวทาง บ้านประชาอาสา หมู่ 7
2023-09-21	CNTR-0130/66	2023-08-23	อบต.ประชาพัฒนา	เสริมผิวถนน บ้านประชาสามัคคี หมู่ 10
2023-09-15	24/2566	2023-07-25	อบต.แวงน่าง	เสริมผิวทาง บ้านดงน้อย หมู่4-บ้านดอนบม หมู่6
2023-09-15	25/2566	2023-07-25	อบต.แวงน่าง	ปรับปรุงผิวจราจร ซอยวัดป่ามงคลธรรม-ซอยเทคนิค หนองเส็ง
2023-09-25	มค.46/2566	2023-07-11	สนง.ทางหลวงที่ 8	บูรณะโครงข่าย ทล.2040 วาปีปทุม-พยัคฆภูมิพิสัย
2023-09-29	E03/2566	2023-08-08	อบต.หนองเม็ก	ปรับปรุงผิวจราจร มค.ถ.128-04 หนองเม็ก หมู่3-หนองแหน หมู่12
2023-10-09	12/2566	2023-08-09	อบต.หนองทุ่ม	ถนนลาดยางแอสฟัลต์ หมู่ 10 (750 ตร.ม.)
2023-10-09	13/2566	2023-08-09	อบต.หนองทุ่ม	ถนนลาดยางแอสฟัลต์ 2 ช่วงทาง บ้านหนองทุ่ม
2023-09-18	E 04/2566	2023-06-28	อบต.โคกพระ	ปรับปรุงผิวทาง บ้านคอกม้า หมู่ 15-บ้านเหล่า
2023-08-30	79/2566	2023-04-19	อบจ.มหาสารคาม	ซ่อมสร้างผิวจราจร มค.ถ.1-0027 [resend]
2023-11-06	14/2567	2023-10-11	อบต.แวงน่าง	เสริมผิวแอสฟัลต์ บ้านดงน้อย หมู่4-บ้านดอนบม หมู่6
2023-11-28	8/2567	2023-10-12	เทศบาลตำบลกุดสิม	ปรับปรุงเสริมผิวจราจร หลังร้านรวมชัย หมู่ 6 บ้านกุดปลาค้าว
2024-01-09	008/2567	2023-11-21	เทศบาลตำบลหนองหาน	เสริมผิวจราจร ถนนพิพัฒน์สะพุงเลิศ หมู่ 11,18
2024-01-10	1/2567	2023-11-13	เทศบาลตำบลโนนบุรี	ปรับปรุงผิวจราจร ถนนสุขาภิบาล 4 หมู่ 1 บ้านโนนบุรี
2024-01-26	24/2567	2023-10-16	อบต.ภูผาม่าน	ซ่อมสร้างถนน ขก.ถ.168-03 นาน้ำซำ-โนนทองหลาง หมู่ 5
2024-02-02	10/2567	2023-12-18	เทศบาลตำบลพระลับ	เสริมผิวจราจร ศาลาประชาคม-รร.บ้านเลิงเปือย หมู่ 18
2024-02-19	2/2567	2024-01-04	อบต.นาคำไฮ	ซ่อมสร้างผิวทาง บ้านโนนสมบูรณ์-กุดฉิม-หนองสวรรค์
2024-03-05	3/2567	2023-12-26	เทศบาลตำบลโนนท่อน	ปรับปรุงเสริมผิว บ้านบึงแก หมู่ 4
2024-03-05	2/2567	2023-12-14	เทศบาลตำบลโนนท่อน	ปรับปรุงถนนลาดยาง ถนนสามัคคี-แยกโรงไฟฟ้า หมู่ 7
2024-04-03	102/2567	2024-03-01	อบจ.มหาสารคาม	ซ่อมสร้างผิวจราจร มค.ถ.1-0085 บ้านคุยโพธิ์-บ้านโนนคัดเค้า
2024-04-03	100/2567	2024-03-01	อบจ.มหาสารคาม	ซ่อมสร้างผิวจราจร มค.ถ.1-0077 บ้านกุดเม็ก-บ้านสำโรง
2024-04-03	15/2567	2024-02-13	อบต.หนองแดง	เสริมผิวจราจร ซอย รร.โสกเต็นวิทยาคม หมู่ 8
2024-04-03	14/2567	2024-02-09	อบต.หนองแดง	ปรับปรุงผิวจราจร บ้านหนองโก หมู่ 2
2024-04-05	99/2567	2024-03-01	อบจ.มหาสารคาม	ซ่อมสร้างผิวจราจร มค.ถ.1-0087 บ้านปะหลาน-บ้านดอนหลี่
2024-04-03	13/2567	2024-02-09	อบต.หนองแดง	เสริมผิวจราจร ขก.ถ.201-02 บ้านโพธิ์ทอง หมู่ 7
2024-04-17	216/2567	2024-02-29	อบต.วังชมภู	เสริมผิวทาง ชย.ถ.111-007 นางแดดโคก-ห้วยหินหนีบ
2024-04-18	E01/2567	2024-03-04	เทศบาลตำบลนาดี	ปรับปรุงถนน บ้านนาฝาย หมู่2-บ้านนาดี หมู่8
2024-04-25	10/2567	2024-03-26	อบต.นากอก	ปรับปรุงถนน คสล. บ้านโนนงาม หมู่ 9
2024-04-25	11/2567	2024-04-09	อบต.นากอก	ปรับปรุงถนน คสล. บ้านตาลเดี่ยว หมู่ 11
2024-05-21	118/2567	2024-04-02	อบจ.มหาสารคาม	ซ่อมสร้างผิวจราจร มค.ถ.1-0078 บ้านโคกสี-บ้านนาเลา
2024-05-20	83/2567	2024-05-01	อบต.คันธาราษฎร์	ปรับปรุงถนน คสล.เป็นลาดยาง บ้านโพนงาม หมู่ 10
2024-06-04	16/2567	2024-05-16	อบต.นากอก	ปรับปรุงถนนลาดยาง นภ.3030 บ้านโนนงาม หมู่ 9
2024-06-04	14/2567	2024-05-07	อบต.นากอก	ปรับปรุงถนนลาดยาง บ้านโคกม่วง หมู่ 4-บ้านโคกสูง
2024-06-20	นภ./13/2567	2024-05-14	สนง.ทางหลวงที่ 6	บูรณะทางผิวแอสฟัลต์ ทล.2420 ศรีบุญเรือง-นากลาง ตอน 4
2024-06-21	มค.38/2567	2024-05-17	แขวงทางหลวงมหาสารคาม	บูรณะทางผิวแอสฟัลต์ ทล.291 เลี่ยงเมืองมหาสารคาม
2024-07-04	มค.44/2567	2024-05-24	แขวงทางหลวงมหาสารคาม	บูรณะโครงข่าย ทล.2040 มหาสารคาม-วาปีปทุม ตอน 3
2024-07-08	3/2567	2024-05-28	เทศบาลตำบลร่องคำ	ปรับปรุงผิวจราจร กส.ถ.47-004 ถนนศรีเมืองใหม่ หมู่ 13
2024-07-08	4/2567	2024-05-28	เทศบาลตำบลร่องคำ	ปรับปรุงผิวจราจร กส.ถ.47-003 ถนนธรรมฑูต หมู่ 2,4,9,13
