190e39932e1560fc	190e39932e1560fc	2024-07-24	ACCEPT	ห้างหุ้นส่วนจำกัด อาร์เอ็มเอ็น เอ็นเตอร์ไพส์	2024-07-18	28/2567	2024-05-24	NA	ประกวดราคาจ้างก่อสร้างโครงการเสริมผิวจราจรถนนแบบแอสฟัลท์ติก สายภายในหมู่บ้าน บ้านโคก หมู่ที่ ๗ ด้วยวิธีประกวดราคาอิเล็กทรอนิกส์ (e-bidding)
190e39932e1560fc	190e3c2a7a79c067	2024-07-24	ACCEPT	ห้างหุ้นส่วนจำกัด อาร์เอ็มเอ็น เอ็นเตอร์ไพส์	2024-07-18	27/2567	2024-05-24	NA	ประกวดราคาจ้างก่อสร้างโครงการเสริมผิวจราจรถนนแบบแอสฟัลท์ติก สายบ้านโพธิ์ - คุ้มหนองม่วง บ้านโพธิ์ ด้วยวิธีประกวดราคาอิเล็กทรอนิกส์ (e-bidding)
190ecc716b64189b	190ecc716b64189b	2024-07-26	ACCEPT	ห้างหุ้นส่วนจำกัด อาร์เอ็มเอ็น เอ็นเตอร์ไพส์	2024-07-23	25/2567	2024-05-24	NA	ประกวดราคาจ้างก่อสร้างปรับปรุงซ่อมแซมถนน โดยการเสริมผิวทางแอสฟัลท์ติกคอนกรีต สายบ้านน้ำซึมน้อย ไปวัดถ้ำผาแดง หมู่ที่ ๔ กว้าง ๔ เมตร ยาว ๑,๘๕๑ เมตร หนา ๐.๐๔ เมตร หรือมีพื้นที่ไม่น้อยกว่า ๗,๔๐๔ ตารางเมตร ด้วยวิธีประกวดราคาอิเล็กทรอนิกส์ (e-bidding)
19106d317b85bf87	19106d317b85bf87	2024-07-31	ACCEPT	ห้างหุ้นส่วนจำกัด อาร์เอ็มเอ็น เอ็นเตอร์ไพส์	2024-07-24	278/2567	2024-05-28	NA	ประกวดราคาจ้างก่อสร้างซ่อมแซมถนนคอนกรีตเสริมเหล็กโดยการเสริมผิวจราจรด้วย OVERLAY แอสฟัลท์ติกคอนกรีต รหัสทางหลวงท้องถิ่น อด.ถ.11-004 ถนนประชารังสรรค์ หมู่ที่ 12 บ้านนาแค ตำบลเชียงเพ็ง อำเภอกุดจับ จังหวัดอุดรธานี ด้วยวิธีประกวดราคาอิเล็กทรอนิกส์ (e-bidding)
1910d50a1f5388c5	1910d50a1f5388c5	2024-08-01	ACCEPT	ห้างหุ้นส่วนจำกัด อาร์เอ็มเอ็น เอ็นเตอร์ไพส์	2024-07-24	1ุ6/2567	2024-05-24	NA	ประกวดราคาจ้างก่อสร้างโครงการปรับปรุงถนนคอนกรีตเสริมเหล็กด้วยแอสฟัลท์ติกคอนกรีต (ถนนบุญส่่ง) ขนาดกว้าง ๔ เมตร ยาว ๖๐๐ เมตร หนาเฉลี่ย ๐.๐๕ เมตร หรือมีพื้นที่จราจรไม่น้อยกว่า ๒,๔๐๐ ตารางเมตร บ้านโพนสูง หมู่ที่ ๑ ตำบลโพนสูง อำเภอไชยวาน จังหวัดอุดรธานี ด้วยวิธีประกวดราคาอิเล็กทรอนิกส์ (e-bidding)
19111fd644f76706	19111fd644f76706	2024-08-02	ACCEPT	ห้างหุ้นส่วนจำกัด อาร์เอ็มเอ็น เอ็นเตอร์ไพส์	2024-07-30	E01/2567	2024-05-29	NA	ประกวดราคาจ้างก่อสร้างโครงการซ่อมสร้างถนนคอนกรีตเสริมเหล็ก รหัสทางหลวงท้องถิ่นมค.ถ.100-04 บ้านดงเหม่า-บ้านหนองแคน เมืองเสือ หมู่ที่ 6 ตำบลเวียงสะอาด โดยวิธีเสริมผิวแอสฟัลท์ติกคอนกรีต กว้าง 5.00-6.00 เมตร ยาว 925.00 เมตร หนา0.05 เมตร หรือมีพื้นที่ไม่น้อยกว่า 4,802 ตารางเมตร รายละเอียดตามแบบแปลนที่องค์การบริหารส่วนตำบลกำหนด องค์การบริหารส่วนตำบลเวียงสะอาด อำเภอพยัคฆภูมิพิสัย จังหวัดมหาสารคาม ด้วยวิธีประกวดราคาอิเล็กทรอนิกส์ (e-bidding)
1912127af649b69b	1912127af649b69b	2024-08-05	ACCEPT	ห้างหุ้นส่วนจำกัด อาร์เอ็มเอ็น เอ็นเตอร์ไพส์	2024-07-30	Eo2/2567	2024-05-29	NA	ประกวดราคาจ้างก่อสร้างโครงการซ่อมสร้างถนนคอนกรีตเสริมเหล็ก รหัสทางหลวงท้องถิ่นมค.ถ.100-39 บ้านโคกสะอาด-บ้านโนนสวรรค์(มค.3028)หมู่ที่ 1 ตำบลเวียงสะอาด โดยวิธีเสริมผิวแอสฟัลท์ติกคอนกรีต 2 ช่วง ช่วงที่ 1 กว้าง 4.00 เมตร ยาว 275.00 เมตร หนา 0.05 เมตร ช่วงที่ 2 กว้าง 5.00 เมตร ยาว1,450.00 เมตร หนา 0.05 เมตร ระยะทางรวม 1,725 เมตร รายละเอียดตามแบบแปลนที่องค์การบริหารส่วนตำบลกำหนด องค์การบริหารส่วนตำบลเวียงสะอาด ด้วยวิธีประกวดราคาอิเล็กทรอนิกส์ (e-bidding)
1912127af649b69b	191219c13339d55e	2024-08-05	ACCEPT	ห้างหุ้นส่วนจำกัด อาร์เอ็มเอ็น เอ็นเตอร์ไพส์	2024-07-30	e01/2567	2024-05-28	NA	ประกวดราคาจ้างก่อสร้างปรับปรุงถนนเสริมผิวแอสฟัลท์ติกคอนกรีต สายข้างหนองบอน หมู่ที่ 2 บ้านกู่ ตำบลกู่สันตรัตน์ ด้วยวิธีประกวดราคาอิเล็กทรอนิกส์ (e-bidding)
191354db1f03a778	191354db1f03a778	2024-08-09	CANCEL	ห้างหุ้นส่วนจำกัด อาร์เอ็มเอ็น เอ็นเตอร์ไพส์	NA	NA	NA	NA	NA
19135533a9b12ddf	19135533a9b12ddf	2024-08-09	ACCEPT	ห้างหุ้นส่วนจำกัด อาร์เอ็มเอ็น เอ็นเตอร์ไพส์	2024-08-01	eb-สพ.2/ปช.3-4/2567	2024-05-29	NA	ประกวดราคาจ้างก่อสร้างงานจ้างเหมาเสริมผิวทางแอสฟัลต์คอนกรีต จำนวน 1 แห่ง (ส่งหน้างาน) เพื่อใช้ในงานพัฒนาสะพานและระบบระบายน้ำ ทางหลวงหมายเลข 201 ตอน ปากภู - เชียงคาน กม.ดำเนินการ กม.372+872 ด้วยวิธีประกวดราคาอิเล็กทรอนิกส์ (e-bidding)
19149fd40b05c0c9	19149fd40b05c0c9	2024-08-13	ACCEPT	ห้างหุ้นส่วนจำกัด อาร์เอ็มเอ็น เอ็นเตอร์ไพส์	2024-08-09	มค.47/2567	2024-06-10	NA	ประกวดราคาจ้างก่อสร้างแผนรายประมาณการ โครงการตามแผนปฏิบัติราชการจังหวัดมหาสารคาม ประจำปีงบประมาณ พ.ศ. 2567 กิจกรรมบูรณะโครงข่ายทางหลวงเชื่อมโยงระหว่างภาค ทางหลวงหมายเลข 208 ตอนควบคุม 0200 ตอน หนองสระพัง-มหาสารคาม ระหว่าง กม.55+290- กม. 55+795 (LT.RT) ปริมาณงาน 1 แห่ง ด้วยวิธีประกวดราคาอิเล็กทรอนิกส์ (e-bidding)
1915a454297fcbef	1915a454297fcbef	2024-08-16	ACCEPT	ห้างหุ้นส่วนจำกัด อาร์เอ็มเอ็น เอ็นเตอร์ไพส์	2024-08-05	กส.23/2567	2024-05-13	NA	ประกวดราคาจ้างก่อสร้างกิจกรรมบำรุงรักษาทางหลวง ปี 2567 รหัสงาน 24100 งานบูรณะทางผิวแอสฟัลต์ ทางหลวงหมายเลข 227 ตอน กาฬสินธุ์ - แยกดงแหลม ตอน 4 ระหว่าง กม.23+865 - กม.25+093 ด้วยวิธีประกวดราคาอิเล็กทรอนิกส์ (e-bidding)
1916ddb435e31889	1916ddb435e31889	2024-08-20	ACCEPT	ห้างหุ้นส่วนจำกัด อาร์เอ็มเอ็น เอ็นเตอร์ไพส์	2024-08-19	123/2567	2024-05-20	NA	ประกวดราคาจ้างก่อสร้างโครงการปรับปรุงซ่อมแซมถนนลาดยางผิวทางแอสฟัลท์ติกคอนกรีต เส้นจากหนองเทวราช ขนาดผิวจราจรกว้าง 5 เมตร ยาว 849 เมตร หนาเฉลี่ย 0.05 เมตร รายละเอียดตามแบบแปลนที่ อบต.กำหนด หมู่ที่ 16 ด้วยวิธีประกวดราคาอิเล็กทรอนิกส์ (e-bidding)
1916ddb435e31889	1916de763791ec02	2024-08-20	ACCEPT	ห้างหุ้นส่วนจำกัด อาร์เอ็มเอ็น เอ็นเตอร์ไพส์	2024-08-20	150/2567	2024-06-14	NA	ประกวดราคาจ้างก่อสร้างเสริมผิวจราจรแอสฟัลท์ติกคอนกรีต รหัสทางหลวงท้องถิ่น กส.ถ. 26-034 ถนนถีนานนท์-รอบบ้านนาจารย์ หมู่ที่ 9 ตำบลนาจารย์ ด้วยวิธีประกวดราคาอิเล็กทรอนิกส์ (e-bidding)
1918cbaf74e0d76a	1918cbaf74e0d76a	2024-08-26	ACCEPT	ห้างหุ้นส่วนจำกัด อาร์เอ็มเอ็น เอ็นเตอร์ไพส์	2024-08-26	6/2567	2024-06-25	NA	ประกวดราคาจ้างก่อสร้างโครงการปรับปรุงผิวจราจรแอสฟัลท์คอนกรีต ถนนสายรอบหมู่บ้านหัว หมู่ที่ 4 ตำบลแกดำ อำเภอแกดำ จังหวัดมหาสารคาม กว้าง 3.00 - 4.00 เมตร ยาว 1,205 เมตร หนา 0.05 เมตร หรือมีพื้นผิวจราจรไม่น้อยกว่า 4,692 ตารางเมตร พร้อมป้ายโครงการ 1 ป้าย เทศบาลตำบลแกดำ อำเภอแกดำ จังหวัดมหาสารคาม ด้วยวิธีประกวดราคาอิเล็กทรอนิกส์ (e-bidding)
1918cbaf74e0d76a	1918db934baed42a	2024-08-26	ACCEPT	ห้างหุ้นส่วนจำกัด อาร์เอ็มเอ็น เอ็นเตอร์ไพส์	2024-08-26	23/2567	2024-05-28	NA	ประกวดราคาจ้างก่อสร้างปรับปรุงถนนคอนกรีตเสริมเหล็กทับด้วยแอสฟัลท์ติกคอนกรีต บ้านไก่นากลาง หมู่ที่ 9 เส้นถนนลาดยาง ถึง สามแยกทางไป วัดป่าไก่นากลาง ด้วยวิธีประกวดราคาอิเล็กทรอนิกส์ (e-bidding)
191982d61cbb7f0f	191982d61cbb7f0f	2024-08-28	ACCEPT	ห้างหุ้นส่วนจำกัด อาร์เอ็มเอ็น เอ็นเตอร์ไพส์	2024-08-23	8/2567	2024-05-28	NA	ประกวดราคาจ้างก่อสร้างปรับปรุงเป็นผิวจราจรแอสฟัลท์ติกคอนกรีต ถนนอำนวยสุข บ้านชูชาติ หมู่ที่ 15 ด้วยวิธีประกวดราคาอิเล็กทรอนิกส์ (e-bidding)
1919cdf0c06406f7	1919cdf0c06406f7	2024-08-29	CANCEL	ห้างหุ้นส่วนจำกัด อาร์เอ็มเอ็น เอ็นเตอร์ไพส์	NA	NA	NA	NA	NA
1919cdf0c06406f7	1919d4000866cd72	2024-08-29	CANCEL	ห้างหุ้นส่วนจำกัด อาร์เอ็มเอ็น เอ็นเตอร์ไพส์	NA	NA	NA	NA	NA
1919cdfb9f815744	1919cdfb9f815744	2024-08-29	ACCEPT	ห้างหุ้นส่วนจำกัด อาร์เอ็มเอ็น เอ็นเตอร์ไพส์	2024-08-19	123/2567	2024-05-20	NA	ประกวดราคาจ้างก่อสร้างโครงการปรับปรุงซ่อมแซมถนนลาดยางผิวทางแอสฟัลท์ติกคอนกรีต เส้นจากหนองเทวราช ขนาดผิวจราจรกว้าง 5 เมตร ยาว 849 เมตร หนาเฉลี่ย 0.05 เมตร รายละเอียดตามแบบแปลนที่ อบต.กำหนด หมู่ที่ 16 ด้วยวิธีประกวดราคาอิเล็กทรอนิกส์ (e-bidding)
1919cdfb9f815744	1919cf97d86b398f	2024-08-29	ACCEPT	ห้างหุ้นส่วนจำกัด อาร์เอ็มเอ็น เอ็นเตอร์ไพส์	2024-08-23	71/2567	2024-05-27	NA	ประกวดราคาจ้างก่อสร้างซ่อมสร้างถนนคอนกรีตเสริมเหล็ก(โดยวิธีเสริมผิวแอสฟัลท์ติกคอนกรีต)บ้านดงบาก หมู่ที่ 7 สายทางภายในหมู่บ้านดงบาก กว้าง 4 เมตร ยาว 940 เมตร หนา 0.05 เมตร หรือมีพื้นที่แอสฟัลท์ติกคอนกรีตไม่น้อยกว่า 3,760 ตารางเมตร องค์การบริหารส่วนดงเมือง อำเภอยางสีสุราช จังหวัดมหาสารคาม ด้วยวิธีประกวดราคาอิเล็กทรอนิกส์ (e-bidding)
1919cdfb9f815744	1919d437ccfaad3a	2024-08-29	ACCEPT	ห้างหุ้นส่วนจำกัด อาร์เอ็มเอ็น เอ็นเตอร์ไพส์	2024-08-19	123/2567	2024-05-20	NA	ประกวดราคาจ้างก่อสร้างโครงการปรับปรุงซ่อมแซมถนนลาดยางผิวทางแอสฟัลท์ติกคอนกรีต เส้นจากหนองเทวราช ขนาดผิวจราจรกว้าง 5 เมตร ยาว 849 เมตร หนาเฉลี่ย 0.05 เมตร รายละเอียดตามแบบแปลนที่ อบต.กำหนด หมู่ที่ 16 ด้วยวิธีประกวดราคาอิเล็กทรอนิกส์ (e-bidding)
191a13d5a70b089f	191a13d5a70b089f	2024-08-30	ACCEPT	ห้างหุ้นส่วนจำกัด อาร์เอ็มเอ็น เอ็นเตอร์ไพส์	2024-08-26	070/2567	2024-06-28	NA	ประกวดราคาจ้างก่อสร้างโครงการบูรณะผิวทางคอนกรีต ซ่อมสร้างผิวทาง CONCRETE รหัสสายทาง มค.ถ ๒๙-๐๐๒ สายบ้านหนองเจริญ - โรงเรียนแกดำวิทยาคาร (จากสี่แยกโรงเรียนบ้านหนองเจริญ - บ้านนางสมปอง นนศรีราช) ผิวทาง Asphaltic Concrete ยาว ๔๐๐ เมตร กว้าง ๕.๐๐ เมตร หนาเฉลี่ย ๕ เซนติเมตร หรือมีพื้นที่ไม่น้อยกว่า ๒,๐๐๐ ตารางเมตร องค์การบริหารส่วนตำบลแกดำ อำเภอแกดำ จังหวัดมหาสารคาม ด้วยวิธีประกวดราคาอิเล็กทรอนิกส์ (e-bidding)
191b0f8b0403fc89	191b0f8b0403fc89	2024-09-02	CANCEL	ห้างหุ้นส่วนจำกัด อาร์เอ็มเอ็น เอ็นเตอร์ไพส์	NA	NA	NA	NA	NA
191b0f9d17d7e7f7	191b0f9d17d7e7f7	2024-09-02	ACCEPT	ห้างหุ้นส่วนจำกัด อาร์เอ็มเอ็น เอ็นเตอร์ไพส์	2024-08-26	6/2567	2024-06-25	NA	ประกวดราคาจ้างก่อสร้างโครงการปรับปรุงผิวจราจรแอสฟัลท์คอนกรีต ถนนสายรอบหมู่บ้านหัว หมู่ที่ 4 ตำบลแกดำ อำเภอแกดำ จังหวัดมหาสารคาม กว้าง 3.00 - 4.00 เมตร ยาว 1,205 เมตร หนา 0.05 เมตร หรือมีพื้นผิวจราจรไม่น้อยกว่า 4,692 ตารางเมตร พร้อมป้ายโครงการ 1 ป้าย เทศบาลตำบลแกดำ อำเภอแกดำ จังหวัดมหาสารคาม ด้วยวิธีประกวดราคาอิเล็กทรอนิกส์ (e-bidding)
191b0f9d17d7e7f7	191b1c2e5bc5d75b	2024-09-02	ACCEPT	ห้างหุ้นส่วนจำกัด อาร์เอ็มเอ็น เอ็นเตอร์ไพส์	2024-08-30	102/2567	2024-03-26	NA	ประกวดราคาจ้างก่อสร้างก่อสร้างถนนบุกเบิกพร้อมลงหินคลุก ลงท่อ 2 จุด ขนาด 0.40 x 1 เมตร จำนวน 12 ท่อน เส้นบ่อขยะไปทุ่งหญ้า ผิวจราจรกว้าง 5 เมตร ยาว 1,360 เมตร หนาเฉลี่ย 0.10 เมตร หรือปริมาตรหินคลุกไม่น้อยกว่า 675 ลบ.ม. ด้วยวิธีประกวดราคาอิเล็กทรอนิกส์ (e-bidding)
191b0f9d17d7e7f7	191b267b41afbf20	2024-09-02	ACCEPT	ห้างหุ้นส่วนจำกัด อาร์เอ็มเอ็น เอ็นเตอร์ไพส์	2024-08-23	041/2567	2024-05-28	NA	ประกวดราคาจ้างก่อสร้างโครงการซ่อมสร้างถนนคอนกรีตเสริมเหล็กโดยการเสริมผิวแอสฟัลท์ติกคอนกรีต สายบ้านศรีสวัสดิ์ หมู่ที่13 ถึงบ้านโนนสวรรค์ ด้วยวิธีประกวดราคาอิเล็กทรอนิกส์ (e-bidding)
191b69e8a3b1a6b3	191b69e8a3b1a6b3	2024-09-03	ACCEPT	ห้างหุ้นส่วนจำกัด อาร์เอ็มเอ็น เอ็นเตอร์ไพส์	2024-08-30	23/2567	2024-05-28	NA	ประกวดราคาจ้างก่อสร้าง.โครงการเสริมผิวจราจรแบบแอสฟิลท์ติกคอนกรีต สายทาง นภ.ถ.๖๔๐๐๒ (กม. ๐+๐๐๐ - ๐+๖๕๐) หมู่ที่ ๖ บ้านหนองปลาขาว ตำบลหนองสวรรค์ ขนาดกว้าง ๕ เมตร ยาว ๖๕๐ เมตร ผิวจราจรหนา ๕ เชนติเมตร ไม่มีไหล่ทาง หรือมีพื้นที่ไม่น้อยกว่า ๓,๒๕๐ ตารางเมตร ตำบลหนองสวรรค์ อำเภอเมืองหนองบัวลำภู จังหวัดหนองบัวลำภู ด้วยวิธีประกวดราคาอิเล็กทรอนิกส์ (e-bidding)
191bb38fe5428b52	191bb38fe5428b52	2024-09-04	ACCEPT	ห้างหุ้นส่วนจำกัด อาร์เอ็มเอ็น เอ็นเตอร์ไพส์	2024-08-30	105/2567	2024-07-03	NA	ประกวดราคาจ้างก่อสร้างโครงการปรับปรุงถนนคอนกรีตเสริมเหล็ก โดยการเสริมผิวแอสฟัลท์ติกคอนกรีต สายทาง ถนนภายในหมู่บ้านหนองอุ่ม หมู่ที่ 22 ตำบลนาสีนวน ด้วยวิธีประกวดราคาอิเล็กทรอนิกส์ (e-bidding)
191bb38fe5428b52	191bb46d8d4f85a6	2024-09-04	ACCEPT	ห้างหุ้นส่วนจำกัด อาร์เอ็มเอ็น เอ็นเตอร์ไพส์	2024-08-30	106/2567	2024-07-03	NA	ประกวดราคาจ้างก่อสร้างโครงการปรับปรุงถนนคอนกรีตเสริมเหล็ก โดยการเสริมผิวแอสฟัลท์ติกคอนกรีต สายทางบ้านนาสีนวน-บ้านหัวนาคำ หมู่ที่ 17 ตำบลนาสีนวน ด้วยวิธีประกวดราคาอิเล็กทรอนิกส์ (e-bidding)
191c66acd320f493	191c66acd320f493	2024-09-06	ACCEPT	ห้างหุ้นส่วนจำกัด อาร์เอ็มเอ็น เอ็นเตอร์ไพส์	2024-08-29	003/2567	2024-07-02	NA	ประกวดราคาจ้างก่อสร้างโครงการปรับปรุงซ่อมแซมผิวจราจรแบบ Over Lay ด้วยแอสฟัลท์ติกคอนกรีต ถนนหนองแวง เก่าน้อย พร้อมตีเส้นจราจรหมู่ที่ 8 ขนาดความกว้าง 4.00 เมตร ยาว 2,000.00 เมตร หนา 0.05 เมตร หรือมีพื้นที่ผิวจราจรไม่น้อยกว่า 8,000 ตารางเมตร ด้วยวิธีประกวดราคาอิเล็กทรอนิกส์ (e-bidding)
191c66acd320f493	191c6948b35f7d3d	2024-09-06	ACCEPT	ห้างหุ้นส่วนจำกัด อาร์เอ็มเอ็น เอ็นเตอร์ไพส์	2024-09-06	014/2567	2024-05-30	NA	ประกวดราคาจ้างก่อสร้างโครงการก่อสร้างถนนลาดยางแอสฟัลท์ติกคอนกรีตทับผิวจราจรคอนกรีตเสริมเหล็กเดิม รหัสทางหลวงท้องถิ่น ขก.ถ.22301 สายบ้านหัวหนอง หมู่ที่ 1ฯ ด้วยวิธีประกวดราคาอิเล็กทรอนิกส์ (e-bidding)
191d5ece3b95ba15	191d5ece3b95ba15	2024-09-09	ACCEPT	ห้างหุ้นส่วนจำกัด อาร์เอ็มเอ็น เอ็นเตอร์ไพส์	2024-09-05	20/2567	2024-06-07	NA	ประกวดราคาจ้างก่อสร้างโครงการซ่อมสร้างถนนลาดยางแบบผิวจราจร Asphaltic concrete โดยวิธี Pavement In-Place Recycling สายบ้านศรีสุข หมู่ที่ 7 ถึง บ้านหนองแก (ตำบลหนองแก) สุดเขตตำบลบ้านพร้าว องค์การบริหารส่่วนตำบลบ้านพร้าว อำเภอเมือง จังหวัดหนองบัวลำภู ด้วยวิธีประกวดราคาอิเล็กทรอนิกส์ (e-bidding)
19202e87bc875141	19202e87bc875141	2024-09-18	ACCEPT	ห้างหุ้นส่วนจำกัด อาร์เอ็มเอ็น เอ็นเตอร์ไพส์	2024-09-09	E1/2567	2024-06-10	NA	ประกวดราคาจ้างก่อสร้างซ่อมสร้างผิวจราจรโดยใช้แอสฟัลท์ติกคอนกรีต รหัสทางหลวงท้องถิ่น มค.ถ112-10 บ้านเหล่าจั่น หมู่ที่ 5 สายทางบ้านเหล่าจั่น - บ้านโคกล่าม (สุดเขตตำบลหนองคู) ด้วยวิธีประกวดราคาอิเล็กทรอนิกส์ (e-bidding)
19202e87bc875141	192031d43b579a9e	2024-09-18	ACCEPT	ห้างหุ้นส่วนจำกัด อาร์เอ็มเอ็น เอ็นเตอร์ไพส์	2024-09-17	44/2567	2024-07-23	NA	ประกวดราคาจ้างก่อสร้างซ่อมสร้างถนนแอสฟัลส์ติกคอนกรีต บ้านราษฎร์พัฒนา หมู่ที่ 14 จากสี่แยกโรงพยาบาลส่งเสริมสุขภาพตำบลสระบาก ถึง เขตติดต่อตำบลราษฎร์เจริญ (เส้นทางหมู่ที่ 2) จำนวน 2 ช่วง องค์การบริหารส่วนตำบลราษฎร์พัฒนา อำเภอพยัคฆภูมิพิสัย จังหวัดมหาสารคาม ด้วยวิธีประกวดราคาอิเล็กทรอนิกส์ (e-bidding)
19202e87bc875141	19204377a01da361	2024-09-18	ACCEPT	ห้างหุ้นส่วนจำกัด อาร์เอ็มเอ็น เอ็นเตอร์ไพส์	2024-09-16	eb01/2567	2024-07-12	NA	ประกวดราคาจ้างก่อสร้างโครงการปรับปรุงถนนลาดยางภายในหมู่บ้าน ถนนสายกลางบ้านเชื่อมทางหลวง ๔๐๐๙ หมู่ที่ ๖ บ้านเกษตรสมบูรณ์ ตำบลน้ำพ่น อำเภอหนองวัวซอ จังหวัดอุดรธานี ด้วยวิธีประกวดราคาอิเล็กทรอนิกส์ (e-bidding)
1922234c39a93175	1922234c39a93175	2024-09-24	CANCEL	ห้างหุ้นส่วนจำกัด อาร์เอ็มเอ็น เอ็นเตอร์ไพส์	NA	NA	NA	NA	NA
1922234c39a93175	19222e099be181eb	2024-09-24	CANCEL	ห้างหุ้นส่วนจำกัด อาร์เอ็มเอ็น เอ็นเตอร์ไพส์	NA	NA	NA	NA	NA
1922234c39a93175	19223381ab37a266	2024-09-24	CANCEL	ห้างหุ้นส่วนจำกัด อาร์เอ็มเอ็น เอ็นเตอร์ไพส์	NA	NA	NA	NA	NA
19222c1daa4eec1c	19222c1daa4eec1c	2024-09-24	ACCEPT	ห้างหุ้นส่วนจำกัด อาร์เอ็มเอ็น เอ็นเตอร์ไพส์	2024-08-26	23/2567	2024-05-28	NA	ประกวดราคาจ้างก่อสร้างปรับปรุงถนนคอนกรีตเสริมเหล็กทับด้วยแอสฟัลท์ติกคอนกรีต บ้านไก่นากลาง หมู่ที่ 9 เส้นถนนลาดยาง ถึง สามแยกทางไป วัดป่าไก่นากลาง ด้วยวิธีประกวดราคาอิเล็กทรอนิกส์ (e-bidding)
19222c1daa4eec1c	19222dbfea12f231	2024-09-24	ACCEPT	ห้างหุ้นส่วนจำกัด อาร์เอ็มเอ็น เอ็นเตอร์ไพส์	2024-09-19	5/2567	2024-06-06	NA	ประกวดราคาจ้างก่อสร้างปรับปรุงผิวจราจรด้วยแอสฟัลท์คอนกรีต ซอยเทศบาล 8 หมู่ที่ 2 บ้านหนองเสือคราง ตำบลหนองบัว อำเภอภูเรือ จังหวัดเลย ด้วยวิธีประกวดราคาอิเล็กทรอนิกส์ (e-bidding)
19222c1daa4eec1c	19222e55629ba17f	2024-09-24	ACCEPT	ห้างหุ้นส่วนจำกัด อาร์เอ็มเอ็น เอ็นเตอร์ไพส์	2024-09-19	5/2567	2024-06-06	NA	ประกวดราคาจ้างก่อสร้างปรับปรุงผิวจราจรด้วยแอสฟัลท์คอนกรีต ซอยเทศบาล 8 หมู่ที่ 2 บ้านหนองเสือคราง ตำบลหนองบัว อำเภอภูเรือ จังหวัดเลย ด้วยวิธีประกวดราคาอิเล็กทรอนิกส์ (e-bidding)
19222c1daa4eec1c	192233376c2481cf	2024-09-24	ACCEPT	ห้างหุ้นส่วนจำกัด อาร์เอ็มเอ็น เอ็นเตอร์ไพส์	2024-09-19	3/2567	2024-05-29	NA	ประกวดราคาจ้างก่อสร้างปรับปรุงผิวจราจรด้วยแอสฟัลท์คอนกรีต ซอยเทศบาล 10 หมู่ที่ 2 บ้านหนองเสือคราง ตำบลหนองบัว อำเภอภูเรือ จังหวัดเลย ด้วยวิธีประกวดราคาอิเล็กทรอนิกส์ (e-bidding)
19222c1daa4eec1c	192234acfbb12b0e	2024-09-24	ACCEPT	ห้างหุ้นส่วนจำกัด อาร์เอ็มเอ็น เอ็นเตอร์ไพส์	2024-09-19	5/2567	2024-06-06	NA	ประกวดราคาจ้างก่อสร้างปรับปรุงผิวจราจรด้วยแอสฟัลท์คอนกรีต ซอยเทศบาล 8 หมู่ที่ 2 บ้านหนองเสือคราง ตำบลหนองบัว อำเภอภูเรือ จังหวัดเลย ด้วยวิธีประกวดราคาอิเล็กทรอนิกส์ (e-bidding)
1922c120c63bc132	1922c120c63bc132	2024-09-26	ACCEPT	ห้างหุ้นส่วนจำกัด อาร์เอ็มเอ็น เอ็นเตอร์ไพส์	2024-09-20	28/2567	2024-07-16	NA	ประกวดราคาจ้างก่อสร้างเสริมผิวจราจรถนนคอนกรีตเดิม (OVERLAY) ด้วยแอสฟัลท์ติกคอนกรีต หมู่ที่ 5 จากบริเวณสี่แยกหน้าโรงพยาบาลส่งเสริมสุขภาพตำบลบ้านคำนางตุ้ม ถึงหน้าบ้านนางโสภา พรมบุตร ชนิดผิวทาง 60/70 กว้าง 5.00 เมตร ยาว 700.00 เมตร หนา 5 เซนติเมตร พื้นที่ไม่น้อยกว่า 3,500 ตารางเมตร เทศบาลตำบลบุ่งเลิศ อำเภอเมยวดี จังหวัดร้อยเอ็ด ด้วยวิธีประกวดราคาอิเล็กทรอนิกส์ (e-bidding)
1922c120c63bc132	1922cc2ae283f63f	2024-09-26	ACCEPT	ห้างหุ้นส่วนจำกัด อาร์เอ็มเอ็น เอ็นเตอร์ไพส์	2024-09-25	E1/2567	2024-05-27	NA	ประกวดราคาจ้างก่อสร้างโครงการเสริมผิวถนนแอสฟัลท์ติกคอนกรีต รหัสทางหลวงท้องถิ่น ลย.ถ 83 - 016 สายหลังโรงเรียนนาอ้อวิทยา หมู่ที่ 2 บ้านนาโคก ด้วยวิธีประกวดราคาอิเล็กทรอนิกส์ (e-bidding)
1922c1e090631640	1922c1e090631640	2024-09-26	CANCEL	ห้างหุ้นส่วนจำกัด อาร์เอ็มเอ็น เอ็นเตอร์ไพส์	NA	NA	NA	NA	NA
192554a0fce4fd85	192554a0fce4fd85	2024-10-04	ACCEPT	ห้างหุ้นส่วนจำกัด อาร์เอ็มเอ็น เอ็นเตอร์ไพส์	2024-10-03	20/2567	2024-08-05	NA	ประกวดราคาจ้างก่อสร้างโครงการซ่อมแซมถนนลาดยางโดยการปูทับผิวจราจรเดิมด้วยแอสฟัลต์คอนกรีต สายบ้านทุ่งใหญ่ หมู่ที่ 1 ต.ภูกระดึง เชื่อมบ้านห้วยคะมะ หมู่ที่ 2 ต.ภูกระดึง (เชื่อมถนนมลิวรรณเดิม) ด้วยวิธีประกวดราคาอิเล็กทรอนิกส์ (e-bidding)
19264dbe98caead3	19264dbe98caead3	2024-10-07	ACCEPT	ห้างหุ้นส่วนจำกัด อาร์เอ็มเอ็น เอ็นเตอร์ไพส์	2024-10-03	14/2567	2024-08-19	NA	ประกวดราคาจ้างก่อสร้างเสริมผิวจราจรแอสฟัลท์ติกคอนกรีตถนนเทศบาล 4 หมู่ที่ 7,10 บ้านสว่างอำนวย,บ้านนาคำไฮใหม่ ตำบลนาคำไฮ กว้าง 5.00 เมตร ยาว 1,150.00 เมตร หนา 0.04 เมตร หรือมีพื้นที่ไม่น้อยกว่า 5,750 เมตร เทศบาลตำบลนาคำไฮ อำเภอเมือง จังหวัดหนองบัวลำภู ด้วยวิธีประกวดราคาอิเล็กทรอนิกส์ (e-bidding)
1926a3afc7fd2f99	1926a3afc7fd2f99	2024-10-08	ACCEPT	ห้างหุ้นส่วนจำกัด อาร์เอ็มเอ็น เอ็นเตอร์ไพส์	2024-10-02	28/2567	2024-07-16	NA	ประกวดราคาจ้างก่อสร้างเสริมผิวจราจรถนนคอนกรีตเดิม (OVERLAY) ด้วยแอสฟัลท์ติกคอนกรีต หมู่ที่ 5 จากบริเวณสี่แยกหน้าโรงพยาบาลส่งเสริมสุขภาพตำบลบ้านคำนางตุ้ม ถึงหน้าบ้านนางโสภา พรมบุตร ชนิดผิวทาง 60/70 กว้าง 5.00 เมตร ยาว 700.00 เมตร หนา 5 เซนติเมตร พื้นที่ไม่น้อยกว่า 3,500 ตารางเมตร เทศบาลตำบลบุ่งเลิศ อำเภอเมยวดี จังหวัดร้อยเอ็ด ด้วยวิธีประกวดราคาอิเล็กทรอนิกส์ (e-bidding)
1926f41dc22c1f73	1926f41dc22c1f73	2024-10-09	ACCEPT	ห้างหุ้นส่วนจำกัด อาร์เอ็มเอ็น เอ็นเตอร์ไพส์	2024-10-07	27/2567	2024-07-23	NA	ประกวดราคาจ้างก่อสร้างเสริมผิวจราจรแอสฟัลท์คอนกรีต Asphalt Concrete สถานที่ ถนนอภัยสำราญ หมู่ที่ ๖,๑๐ ตำบลหนองหาน อำเภอหนองหาน จังหวัดอุดรธานี ด้วยวิธีประกวดราคาอิเล็กทรอนิกส์ (e-bidding)
1926f41dc22c1f73	1926f52ad9856178	2024-10-09	ACCEPT	ห้างหุ้นส่วนจำกัด อาร์เอ็มเอ็น เอ็นเตอร์ไพส์	2024-10-07	E1/2567	2024-06-10	NA	ประกวดราคาจ้างก่อสร้างซ่อมสร้างผิวจราจรโดยใช้แอสฟัลท์ติกคอนกรีต รหัสทางหลวงท้องถิ่น มค.ถ112-10 บ้านเหล่าจั่น หมู่ที่ 5 สายทางบ้านเหล่าจั่น - บ้านโคกล่าม (สุดเขตตำบลหนองคู) ด้วยวิธีประกวดราคาอิเล็กทรอนิกส์ (e-bidding)
1926f41dc22c1f73	1926f589d536e041	2024-10-09	ACCEPT	ห้างหุ้นส่วนจำกัด อาร์เอ็มเอ็น เอ็นเตอร์ไพส์	2024-10-03	27/2567	2024-07-23	NA	ประกวดราคาจ้างก่อสร้างเสริมผิวจราจรแอสฟัลท์คอนกรีต Asphalt Concrete สถานที่ ถนนอภัยสำราญ หมู่ที่ ๖,๑๐ ตำบลหนองหาน อำเภอหนองหาน จังหวัดอุดรธานี ด้วยวิธีประกวดราคาอิเล็กทรอนิกส์ (e-bidding)
1926f57914474d7d	1926f57914474d7d	2024-10-09	CANCEL	ห้างหุ้นส่วนจำกัด อาร์เอ็มเอ็น เอ็นเตอร์ไพส์	NA	NA	NA	NA	NA
1928f453432de350	1928f453432de350	2024-10-15	ACCEPT	ห้างหุ้นส่วนจำกัด อาร์เอ็มเอ็น เอ็นเตอร์ไพส์	2024-10-10	41/2567	2024-08-16	NA	ประกวดราคาจ้างก่อสร้างปรับปรุงผิวจราจรแบบแอสฟัลท์ติกคอนกรีต ถนนบริบาลภูมิเขตต์ ชุมชนบ้านถ่อน หมู่ ๒ ตำบลบ้านผือ อำเภอบ้านผือ จังหวัดอุดรธานี ด้วยวิธีประกวดราคาอิเล็กทรอนิกส์ (e-bidding)
1946d7bd5e66a9b0	1946d7bd5e66a9b0	2025-01-16	ACCEPT	ห้างหุ้นส่วนจำกัด อาร์เอ็มเอ็น เอ็นเตอร์ไพส์	2024-10-30	3/2568	2024-10-30	เทศบาลตำบลพยัคฆภูมิพิสัย	ประกวดราคาจ้างก่อสร้างโครงการก่อสร้างเสริมผิวทางลาดยางสายทางซอยปะหลาน ๒ ชุมชนโนนสูง หมู่ที่ ๑๐ ตำบลปะหลาน อำเภอพยัคฆภูมิพิสัย จังหวัดมหาสารคาม ด้วยวิธีประกวดราคาอิเล็กทรอนิกส์ (e-bidding)
194a5f1335b8ca17	194a5f1335b8ca17	2025-01-27	ACCEPT	ห้างหุ้นส่วนจำกัด อาร์เอ็มเอ็น เอ็นเตอร์ไพส์	2025-01-15	005/2568	2024-12-13	องค์การบริหารส่วนตำบลยางสีสุราช	ประกวดราคาจ้างก่อสร้างซ่อมสร้างถนนคอนกรีตเสริมเหล็กโดยการเสริมผิวแอสฟัลท์ติกคอนกรีตสายทางจากถนนทางหลวง 219 ตรงข้ามวัดหนองหน่องถึงบ้านนางหนูรมย์ ปีนะกาโพธ์ หมู่ที่8 บ้านหนองหน่อง ตำบลยางสีสุราช อำเภอยางสีสุราช จังหวัดมหาสารคาม ด้วยวิธีประกวดราคาอิเล็กทรอนิกส์ (e-bidding)
194aac518922e9b9	194aac518922e9b9	2025-01-28	ACCEPT	ห้างหุ้นส่วนจำกัด อาร์เอ็มเอ็น เอ็นเตอร์ไพส์	2025-01-24	25/2568	2024-12-17	แขวงทางหลวงชนบทมหาสารคาม	ประกวดราคาจ้างก่อสร้างงานซ่อมสร้างผิวทางลาดยางแอสฟัลติกคอนกรีต (โดยวิธี Pavement In - Place Recycling) มค.๒๐๓๔ แยกทางหลวงหมายเลข ๒๓ - บ้านปอพาน อำเภอกุดรัง อำเภอนาเชือก จังหวัดมหาสารคาม ด้วยวิธีประกวดราคาอิเล็กทรอนิกส์ (e-bidding)
194de7980add5243	194de7980add5243	2025-02-07	ACCEPT	ห้างหุ้นส่วนจำกัด อาร์เอ็มเอ็น เอ็นเตอร์ไพส์	2025-01-31	5/2568	2024-12-12	เทศบาลตำบลภูกระดึง	ประกวดราคาจ้างก่อสร้างโครงการปรับปรุงถนนคอนกรีตเสริมเหล็กโดยการปูทับผิวจราจรเดิมด้วยแอสฟัลต์คอนกรีต สายบ้านทุ่งใหญ่ หมู่ที่ 1 ตำบลภูกระดึง เชื่อม บ้านภูกระดึง หมู่ที่ 8 ตำบลภูกระดึง ข้างโรงเรียนอนุบาลชุมชนภูกระดึง อำเภอภูกระดึง จังหวัดเลย ด้วยวิธีประกวดราคาอิเล็กทรอนิกส์ (e-bidding)
194fd544a28038c0	194fd544a28038c0	2025-02-13	ACCEPT	ห้างหุ้นส่วนจำกัด อาร์เอ็มเอ็น เอ็นเตอร์ไพส์	2025-02-07	NA	NA	แขวงทางหลวงชนบทมหาสารคาม	ประกวดราคาจ้างก่อสร้างงานซ่อมสร้างผิวทางแอสฟัลต์คอนกรีต (โดยวิธี Pavement In-Place Recycling) งานบํารุงถนนสาย มค.๓๐๑๑ แยกทางหลวงหมายเลข ๒๑๙ - บ้านนาโพธิ์ (ตอนที่ ๑) อ.ยางสีสุราช จ.มหาสารคาม จำนวน ๑ แห่ง ด้วยวิธีประกวดราคาอิเล็กทรอนิกส์ (e-bidding)
19522615a51d89ba	19522615a51d89ba	2025-02-20	ACCEPT	ห้างหุ้นส่วนจำกัด อาร์เอ็มเอ็น เอ็นเตอร์ไพส์	2025-02-19	NA	NA	องค์การบริหารส่วนตำบลเม็กดำ	ประกวดราคาจ้างก่อสร้างปรับปรุงซ่อมแซมถนนลาดยางผิวจราจรแอสฟัลท์ติกคอนกรีต รหัสทางหลวงท้องถิ่น มค. ถ. 82 - 006 สาย ทล. 202 - บ้านหารฮี หมู่ที่ 4 บ้านหารฮี ตำบลเม็กดำ ด้วยวิธีประกวดราคาอิเล็กทรอนิกส์ (e-bidding)
1954a9de837aca96	1954a9de837aca96	2025-02-28	ACCEPT	ห้างหุ้นส่วนจำกัด อาร์เอ็มเอ็น เอ็นเตอร์ไพส์	2025-02-05	NA	NA	องค์การบริหารส่วนตำบลห้วยยายจิ๋ว	ประกวดราคาจ้างก่อสร้างเสริมผิวจราจรแอสฟัลท์คอนกรีต ด้วยวิธีประกวดราคาอิเล็กทรอนิกส์ (e-bidding)
1955ad38bbe0c4d7	1955ad38bbe0c4d7	2025-03-03	ACCEPT	ห้างหุ้นส่วนจำกัด อาร์เอ็มเอ็น เอ็นเตอร์ไพส์	2025-02-28	NA	NA	องค์การบริหารส่วนตำบลเม็กดำ	ประกวดราคาจ้างก่อสร้างก่อสร้างถนนลาดยางผิวจราจรแอสฟัลท์คอนกรีต ด้วยวิธีประกวดราคาอิเล็กทรอนิกส์ (e-bidding)
195655f84aab4c5c	195655f84aab4c5c	2025-03-05	ACCEPT	ห้างหุ้นส่วนจำกัด อาร์เอ็มเอ็น เอ็นเตอร์ไพส์	2025-02-26	NA	NA	แขวงทางหลวงขอนแก่นที่ 2 (ชุมแพ)	ประกวดราคาจ้างก่อสร้างกิจกรรมบำรุงรักษาทางหลวง ประจำปี ๒๕๖๘ ด้วยวิธีประกวดราคาอิเล็กทรอนิกส์ (e-bidding)
1957e9f8d5fb7308	1957e9f8d5fb7308	2025-03-10	CANCEL	ห้างหุ้นส่วนจำกัด อาร์เอ็มเอ็น เอ็นเตอร์ไพส์	NA	NA	NA	NA	NA
1957eaca8eb774f2	1957eaca8eb774f2	2025-03-10	ACCEPT	ห้างหุ้นส่วนจำกัด อาร์เอ็มเอ็น เอ็นเตอร์ไพส์	2025-02-03	NA	NA	องค์การบริหารส่วนตำบลห้วยยายจิ๋ว	ประกวดราคาจ้างก่อสร้างเสริมผิวจราจรแอสฟัลท์คอนกรีต ด้วยวิธีประกวดราคาอิเล็กทรอนิกส์ (e-bidding)
195b2ef53e392cac	195b2ef53e392cac	2025-03-20	ACCEPT	ห้างหุ้นส่วนจำกัด อาร์เอ็มเอ็น เอ็นเตอร์ไพส์	2024-09-10	37/2567	2024-09-10	องค์การบริหารส่วนตำบลนาคู	ประกวดราคาจ้างก่อสร้างปรับปรุงเสริมผิวจราจรแอสฟัลต์ติกคอนกรีต สายหนองโพธิ์ หมู่ที่ ๕ ตำบลนาคู ด้วยวิธีประกวดราคาอิเล็กทรอนิกส์ (e-bidding)
195cb81f457d87eb	195cb81f457d87eb	2025-03-25	CANCEL	ห้างหุ้นส่วนจำกัด อาร์เอ็มเอ็น เอ็นเตอร์ไพส์	NA	NA	NA	NA	NA
195cb9249233e76b	195cb9249233e76b	2025-03-25	ACCEPT	ห้างหุ้นส่วนจำกัด อาร์เอ็มเอ็น เอ็นเตอร์ไพส์	2024-09-10	37/2567	2024-09-10	องค์การบริหารส่วนตำบลนาคู	ประกวดราคาจ้างก่อสร้างปรับปรุงเสริมผิวจราจรแอสฟัลต์ติกคอนกรีต สายหนองโพธิ์ หมู่ที่ ๕ ตำบลนาคู ด้วยวิธีประกวดราคาอิเล็กทรอนิกส์ (e-bidding)
195ef86ed2eb55b8	195ef86ed2eb55b8	2025-04-01	ACCEPT	ห้างหุ้นส่วนจำกัด อาร์เอ็มเอ็น เอ็นเตอร์ไพส์	2025-02-03	NA	NA	แขวงทางหลวงอุดรธานีที่ 1	ประกวดราคาจ้างก่อสร้างกิจกรรมบำรุงรักษาทางหลวง ปี 2568 ด้วยวิธีประกวดราคาอิเล็กทรอนิกส์ (e-bidding)
195f9c331f6e6c2f	195f9c331f6e6c2f	2025-04-03	ACCEPT	ห้างหุ้นส่วนจำกัด อาร์เอ็มเอ็น เอ็นเตอร์ไพส์	2025-03-28	050/2568	2025-03-28	องค์การบริหารส่วนตำบลขามเฒ่าพัฒนา	ซื้อยางมะตอยผสมร้อน (Hotmix) จำนวน 5 ตัน
195ff07456f2a8d3	195ff07456f2a8d3	2025-04-04	ACCEPT	ห้างหุ้นส่วนจำกัด อาร์เอ็มเอ็น เอ็นเตอร์ไพส์	2025-01-10	NA	NA	แขวงทางหลวงชนบทหนองบัวลำภู	ประกวดราคาจ้างก่อสร้างซ่อมสร้างผิวทาง AC ด้วยวิธีประกวดราคาอิเล็กทรอนิกส์ (e-bidding)
19618dce9d7d31eb	19618dce9d7d31eb	2025-04-09	ACCEPT	ห้างหุ้นส่วนจำกัด อาร์เอ็มเอ็น เอ็นเตอร์ไพส์	2025-01-23	NA	NA	แขวงทางหลวงชนบทร้อยเอ็ด	ประกวดราคาจ้างก่อสร้างงานบำรุงถนนสาย ด้วยวิธีประกวดราคาอิเล็กทรอนิกส์ (e-bidding)
19656ce4ebe6a1db	19656ce4ebe6a1db	2025-04-21	ACCEPT	ห้างหุ้นส่วนจำกัด อาร์เอ็มเอ็น เอ็นเตอร์ไพส์	2025-03-21	019/2568	2025-03-21	องค์การบริหารส่วนตำบลเชียงยืน	จ้างปรับปรุงถนนคสล.โดยการปูผิวทางแอสฟัสท์ติกคอนกรีตถนน
1965721b712ed3d7	1965721b712ed3d7	2025-04-21	CANCEL	ห้างหุ้นส่วนจำกัด อาร์เอ็มเอ็น เอ็นเตอร์ไพส์	NA	NA	NA	NA	NA
19661c6f54fb7517	19661c6f54fb7517	2025-04-23	ACCEPT	ห้างหุ้นส่วนจำกัด อาร์เอ็มเอ็น เอ็นเตอร์ไพส์	2025-01-09	NA	NA	สำนักงานทางหลวงชนบทที่ 16 (กาฬสินธุ์)	ประกวดราคาจ้างก่อสร้างซ่อมสร้างผิวทางแอสฟัลต์คอนกรีต ด้วยวิธีประกวดราคาอิเล็กทรอนิกส์ (e-bidding)
1966627ad09f22d3	1966627ad09f22d3	2025-04-24	ACCEPT	ห้างหุ้นส่วนจำกัด อาร์เอ็มเอ็น เอ็นเตอร์ไพส์	2025-03-28	030/2568	2025-03-28	องค์การบริหารส่วนตำบลเชียงยืน	จ้างปรับปรุงถนนคสล.โดยการปูผิวทางแอสฟัสท์ติกคอนกรีตถนนโดยวิธี Over Lay หมู่ที่ 6 ด้วยวิธีเฉพาะเจาะจง
196662a46621e23a	196662a46621e23a	2025-04-24	CANCEL	ห้างหุ้นส่วนจำกัด อาร์เอ็มเอ็น เอ็นเตอร์ไพส์	NA	NA	NA	NA	NA
1966c1a5cfc7de70	1966c1a5cfc7de70	2025-04-25	CANCEL	ห้างหุ้นส่วนจำกัด อาร์เอ็มเอ็น เอ็นเตอร์ไพส์	NA	NA	NA	NA	NA
1966c1fb14275f1e	1966c1fb14275f1e	2025-04-25	ACCEPT	ห้างหุ้นส่วนจำกัด อาร์เอ็มเอ็น เอ็นเตอร์ไพส์	2025-04-24	033/2568	2025-04-02	องค์การบริหารส่วนตำบลเชียงยืน	จ้างปรับปรุงถนนคสล.โดยการปูผิวทางแอสฟัสท์ติกคอนกรีตถนนโดยวิธี Over Lay หมู่ที่ 8
19685036809882a9	19685036809882a9	2025-04-30	ACCEPT	ห้างหุ้นส่วนจำกัด อาร์เอ็มเอ็น เอ็นเตอร์ไพส์	2025-04-23	14/2568	2024-11-12	องค์การบริหารส่วนจังหวัดมหาสารคาม	ประกวดราคาซื้อ วัสดุก่อสร้าง
196cc9c79252f856	196cc9c79252f856	2025-05-14	ACCEPT	ห้างหุ้นส่วนจำกัด อาร์เอ็มเอ็น เอ็นเตอร์ไพส์	2025-05-07	13/2568	2024-11-12	องค์การบริหารส่วนจังหวัดมหาสารคาม	ประกวดราคาซื้อโครงการปรับปรุงถนนแอสฟัลท์ติกคอนกรีต
196d26c09978e5f5	ERROR	NA	NA	NA	NA	NA	NA	NA	NA
196d27c2b567594e	ERROR	NA	NA	NA	NA	NA	NA	NA	NA
196f5dbc5f220b5d	ERROR	NA	NA	NA	NA	NA	NA	NA	NA
196faf48e628c0c3	ERROR	NA	NA	NA	NA	NA	NA	NA	NA
1970ac2a09484250	ERROR	NA	NA	NA	NA	NA	NA	NA	NA
19715efca97958a3	ERROR	NA	NA	NA	NA	NA	NA	NA	NA
19715f5ee756c7e6	ERROR	NA	NA	NA	NA	NA	NA	NA	NA
1971adbb86a0a10d	1971adbb86a0a10d	2025-05-29	ACCEPT	ห้างหุ้นส่วนจำกัด อาร์เอ็มเอ็น เอ็นเตอร์ไพส์	2025-05-28	มค.44/2568	2025-03-03	แขวงทางหลวงมหาสารคาม	ประกวดราคาจ้างก่อสร้างแผนรายประมาณการ โครงการตามแผนปฎิบัติราชการจังหวัดมหาสารคาม ประจำปีงบประมาณ พ.ศ. 2568 โครงการพัฒนาระบบการคมนาคมขนส่งเพื่ออำนวยความสะดวกด้านการค้าการลงทุน รหัสงาน 24100 งานบูรณะทางผิวแอสฟัลต์ ทางหลวงหมายเลข 208 ตอนควบคุม 0200 ตอน หนองสระพัง - มหาสารคาม ระหว่าง กม. 25 + 594 - กม. 26 + 823 (LT.,RT.) ปริมาณงาน 1 แห่ง ด้วยวิธีประกวดราคาอิเล็กทรอนิกส์ (e-bidding)
1971f467552f783a	1971f467552f783a	2025-05-30	ACCEPT	ห้างหุ้นส่วนจำกัด อาร์เอ็มเอ็น เอ็นเตอร์ไพส์	2025-05-28	5/2568	2025-02-27	องค์การบริหารส่วนตำบลโนนสว่าง	ประกวดราคาจ้างก่อสร้างเสริมผิวแอสฟัลด์คอนกรีต บ้านเขวาคำหมู่ที่ 10 สายบ้านเขวาคำ ตำบลโนนสว่าง ไปตำบลน้ำอ้อม กว้าง 6.00 เมตร ยาว 862.00 เมตร หนา 0.05 เมตร หรือมีพื้นที่ไม่น้อยกว่า 5,172 ตารางเมตร ด้วยวิธีประกวดราคาอิเล็กทรอนิกส์ (e-bidding)
19738995b784f915	19738995b784f915	2025-06-04	CANCEL	ห้างหุ้นส่วนจำกัด อาร์เอ็มเอ็น เอ็นเตอร์ไพส์	NA	NA	NA	NA	NA
1973899c9786990c	1973899c9786990c	2025-06-04	ACCEPT	ห้างหุ้นส่วนจำกัด อาร์เอ็มเอ็น เอ็นเตอร์ไพส์	2025-05-28	5/2568	2025-02-27	องค์การบริหารส่วนตำบลโนนสว่าง	ประกวดราคาจ้างก่อสร้างเสริมผิวแอสฟัลด์คอนกรีต บ้านเขวาคำหมู่ที่ 10 สายบ้านเขวาคำ ตำบลโนนสว่าง ไปตำบลน้ำอ้อม กว้าง 6.00 เมตร ยาว 862.00 เมตร หนา 0.05 เมตร หรือมีพื้นที่ไม่น้อยกว่า 5,172 ตารางเมตร ด้วยวิธีประกวดราคาอิเล็กทรอนิกส์ (e-bidding)
197389a48696e25f	197389a48696e25f	2025-06-04	CANCEL	ห้างหุ้นส่วนจำกัด อาร์เอ็มเอ็น เอ็นเตอร์ไพส์	NA	NA	NA	NA	NA
197389a651bae378	197389a651bae378	2025-06-04	ACCEPT	ห้างหุ้นส่วนจำกัด อาร์เอ็มเอ็น เอ็นเตอร์ไพส์	2025-05-28	5/2568	2025-02-27	องค์การบริหารส่วนตำบลโนนสว่าง	ประกวดราคาจ้างก่อสร้างเสริมผิวแอสฟัลด์คอนกรีต บ้านเขวาคำหมู่ที่ 10 สายบ้านเขวาคำ ตำบลโนนสว่าง ไปตำบลน้ำอ้อม กว้าง 6.00 เมตร ยาว 862.00 เมตร หนา 0.05 เมตร หรือมีพื้นที่ไม่น้อยกว่า 5,172 ตารางเมตร ด้วยวิธีประกวดราคาอิเล็กทรอนิกส์ (e-bidding)
197811173e257250	197811173e257250	2025-06-18	ACCEPT	ห้างหุ้นส่วนจำกัด รักดีการโยธา	2025-06-13	93/2568	2025-05-14	องค์การบริหารส่วนตำบลนาสีนวน	จ้างเสริมผิวถนนแอสฟัลท์ติกคอนกรีต หมู่ที่ 6 บ้านโพธิ์มี โดยวิธีเฉพาะเจาะจง
197860a59153ccf4	197860a59153ccf4	2025-06-19	ACCEPT	ห้างหุ้นส่วนจำกัด รักดีการโยธา	2025-06-13	92/2568	2025-05-07	องค์การบริหารส่วนตำบลนาสีนวน	จ้างเสริมผิวถนนแอสฟัลท์ติกคอนกรีต หมู่ที่ 19 บ้านโพธฺ์ิมี โดยวิธีเฉพาะเจาะจง
197a549d67dcda7d	197a549d67dcda7d	2025-06-25	ACCEPT	ห้างหุ้นส่วนจำกัด รักดีการโยธา	2025-06-17	13/2568	2025-04-28	เทศบาลตำบลท่าขอนยาง	จ้างโครงการเสริมผิวจราจรแอสฟัลต์คอนกรีต บ้านท่าขอนยาง หมู่ที่ 2 เส้นหน้าโดมสนามกลางบ้าน จากสี่แยกแม่สากล เหล่าโพธิ์ ไปทาง บ้านแม่สมหมาย พรพิมาย โดยวิธีเฉพาะเจาะจง
197a54af7997651d	197a54af7997651d	2025-06-25	ACCEPT	ห้างหุ้นส่วนจำกัด รักดีการโยธา	2025-06-17	12/2568	2025-04-28	เทศบาลตำบลท่าขอนยาง	จ้างโครงการเสริมผิวจราจรแอสฟัลต์คอนกรีต บ้านท่าขอนยาง หมู่ที่ 3 ร้านก๋วยเตี๋ยว เฮง เฮง ไปทางวัดสว่างวารี โดยวิธีเฉพาะเจาะจง
197a54b3191834fc	197a54b3191834fc	2025-06-25	CANCEL	ห้างหุ้นส่วนจำกัด รักดีการโยธา	NA	NA	NA	NA	NA
197a54c3ffbd0e09	197a54c3ffbd0e09	2025-06-25	ACCEPT	ห้างหุ้นส่วนจำกัด รักดีการโยธา	2025-06-17	12/2568	2025-04-28	เทศบาลตำบลท่าขอนยาง	จ้างโครงการเสริมผิวจราจรแอสฟัลต์คอนกรีต บ้านท่าขอนยาง หมู่ที่ 3 ร้านก๋วยเตี๋ยว เฮง เฮง ไปทางวัดสว่างวารี โดยวิธีเฉพาะเจาะจง
197aa870532989d6	197aa870532989d6	2025-06-26	ACCEPT	ห้างหุ้นส่วนจำกัด รักดีการโยธา	2025-06-25	94/2568	2025-05-14	องค์การบริหารส่วนตำบลนาสีนวน	จ้างเสริมผิวถนนแอสฟัลท์ติกคอนกรีต หมู่ที่ 21 บ้านเขวาโดน โดยวิธีเฉพาะเจาะจง
197d44274e6df3ac	197d44274e6df3ac	2025-07-04	ACCEPT	ห้างหุ้นส่วนจำกัด อาร์เอ็มเอ็น เอ็นเตอร์ไพส์	2025-06-27	ขทช.นภ./009/2568	2025-01-14	แขวงทางหลวงชนบทหนองบัวลำภู	ประกวดราคาจ้างก่อสร้างปรับปรุงถนนสาย นภ 5042 บ้านวังหมื่น สร้างเสี่ยน ตำบลหนองบัวใต้ อำเภอศรีบุญเรือง บ้านโนนสัง ตำบลโนนสัง อำเภอโนนสัง จังหวัดหนองบัวลำภู ระยะทาง 4 300 กิโลเมตร ด้วยวิธีประกวดราคาอิเล็กทรอนิกส์ (e-bidding)
1983a6980c573a94	1983a6980c573a94	2025-07-24	ACCEPT	ห้างหุ้นส่วนจำกัด อาร์เอ็มเอ็น เอ็นเตอร์ไพส์	2025-07-23	ลย.1/47/2568	2025-06-25	แขวงทางหลวงเลยที่ 1	ประกวดราคาจ้างก่อสร้างงานจ้างเหมาทำการงานเสริมผิวแอสฟัลต์ ทางหลวงหมายเลข 201 ตอนควบคุม 0403 ตอน โนนสว่าง-ปากปวน ระหว่าง กม.332+050-กม.333+700 (RT.) ปริมาณงาน 15,076 ตร.ม. ด้วยวิธีประกวดราคาอิเล็กทรอนิกส์ (e-bidding)
198ae7762564adc7	198ae7762564adc7	2025-08-15	ACCEPT	ห้างหุ้นส่วนจำกัด อาร์เอ็มเอ็น เอ็นเตอร์ไพส์	2025-08-08	68/2568	2025-07-17	แขวงทางหลวงชนบทอุดรธานี	ประกวดราคาจ้างก่อสร้างงานซ่อมสร้างผิวทางแอสฟัลต์คอนกรีต (โดยวิธี Pavement In - Place Recycling) งานบำรุงถนนสาย อด.๒๐๔๙ แยกทางหลวงหมายเลข ๒๒ - บ้านสามพร้าว อำเภอเมืองอุดรธานี จังหวัดอุดรธานี จำนวน ๑ แห่ง ด้วยวิธีประกวดราคาอิเล็กทรอนิกส์ (e-bidding)
198c05c39bc9ea83	198c05c39bc9ea83	2025-08-19	ACCEPT	ห้างหุ้นส่วนจำกัด อาร์เอ็มเอ็น เอ็นเตอร์ไพส์	2025-08-06	5/2567	2024-05-27	เทศบาลตำบลห้วยยาง	ประกวดราคาจ้างก่อสร้างโครงการเสริมผิวทางแอสฟัลท์ติกคอนกรีต รหัสทางหลวงท้องถิ่น ชย.ถ 138-024 สายทางบ้านมอตาเจ๊ก (สายกลางบ้าน) หมู่ที่ 14 บ้านมอตาเจ๊ก ตำบลห้วยยาง จำนวน 3 ช่วง มีพื้นที่ไม่น้อยกว่า 4,930 ตารางเมตร เทศบาลตำบลห้วยยาง อำเภอคอนสาร จังหวัดชัยภูมิ ด้วยวิธีประกวดราคาอิเล็กทรอนิกส์ (e-bidding)
19b26504a5a1178a	19b26504a5a1178a	2025-12-16	ACCEPT	ห้างหุ้นส่วนจำกัด อาร์เอ็มเอ็น เอ็นเตอร์ไพส์	2025-12-16	622/60/69/51	2025-12-08	แขวงทางหลวงมหาสารคาม	ซื้อวัสดุก่อสร้าง จำนวน 8 รายการ โดยวิธีเฉพาะเจาะจง
19b691a9e1a2d5f8	19b691a9e1a2d5f8	2025-12-29	ACCEPT	ห้างหุ้นส่วนจำกัด อาร์เอ็มเอ็น เอ็นเตอร์ไพส์	2025-12-29	ข.มค.บ.13/2569	2025-12-24	แขวงทางหลวงมหาสารคาม	จ้างเหมาปรับระดับผิวทาง ทางหลวงหมายเลข 213 ตอนควบคุม 0101 ตอน มหาสารคาม - หนองขอน ระหว่าง กม.5+490 - กม.5+542, กม.5+577 - กม.5+638(L) ปริมาณงาน 1 แห่ง โดยวิธีเฉพาะเจาะจง
19b6ecf96543cc62	19b6ecf96543cc62	2025-12-30	ACCEPT	ห้างหุ้นส่วนจำกัด อาร์เอ็มเอ็น เอ็นเตอร์ไพส์	2025-12-30	622/60/69/64	2025-12-23	แขวงทางหลวงมหาสารคาม	ซื้อASPHALT CONCRETE(HOT MIX) จำนวน 40 ตัน โดยวิธีเฉพาะเจาะจง
19be4ca00d49cc08	19be4ca00d49cc08	2026-01-22	ACCEPT	ห้างหุ้นส่วนจำกัด อาร์เอ็มเอ็น เอ็นเตอร์ไพส์	2026-01-21	622/60/69/68	2026-01-14	แขวงทางหลวงมหาสารคาม	ซื้อASPHALT CONCRETE(HOT MIX) จำนวน 45 ตัน โดยวิธีเฉพาะเจาะจง
19c0cc9d7acf7393	19c0cc9d7acf7393	2026-01-30	ACCEPT	ห้างหุ้นส่วนจำกัด อาร์เอ็มเอ็น เอ็นเตอร์ไพส์	2026-01-27	ขทช.ขก/02/2569	2025-12-08	แขวงทางหลวงชนบทขอนแก่น	ประกวดราคาจ้างก่อสร้างโครงการซ่อมสร้างผิวทางแอสฟัลต์คอนกรีต (โดยวิธี Pavement In - Place Recycling) งานบำรุง ขก.021 สะพานโคกสี - ศิลา อำเภอเมืองขอนแก่น จังหวัดขอนแก่น จำนวน 1 แห่ง ด้วยวิธีประกวดราคาอิเล็กทรอนิกส์ (e-bidding)
19c26da9fce5bcb1	19c26da9fce5bcb1	2026-02-04	ACCEPT	ห้างหุ้นส่วนจำกัด อาร์เอ็มเอ็น เอ็นเตอร์ไพส์	2026-02-02	622/60/69/77	2026-01-26	แขวงทางหลวงมหาสารคาม	ซื้อวัสดุจราจร จำนวน 8 รายการ โดยวิธีเฉพาะเจาะจง
19c93b367e71904e	19c93b367e71904e	2026-02-25	ACCEPT	ห้างหุ้นส่วนจำกัด อาร์เอ็มเอ็น เอ็นเตอร์ไพส์	2026-02-25	622/60/69/84	2026-02-20	แขวงทางหลวงมหาสารคาม	ซื้อวัสดุจราจร จำนวน 4 รายการ โดยวิธีเฉพาะเจาะจง
19c9ccb69ddbbf33	19c9ccb69ddbbf33	2026-02-27	ACCEPT	ห้างหุ้นส่วนจำกัด อาร์เอ็มเอ็น เอ็นเตอร์ไพส์	2026-02-27	622/60/69/86	2026-02-23	แขวงทางหลวงมหาสารคาม	ซื้อวัสดุจราจร จำนวน 4 รายการ โดยวิธีเฉพาะเจาะจง
19c9e42c7e817aec	19c9e42c7e817aec	2026-02-27	ACCEPT	ห้างหุ้นส่วนจำกัด อาร์เอ็มเอ็น เอ็นเตอร์ไพส์	2026-02-26	622/35/69/16	2026-02-20	แขวงทางหลวงมหาสารคาม	ซื้อแก๊ส LPG (ถังบรรจุ 15 กิโลกรัม) จำนวน 15 ถัง โดยวิธีเฉพาะเจาะจง
19cacb53d6da0aa4	19cacb53d6da0aa4	2026-03-02	ACCEPT	ห้างหุ้นส่วนจำกัด อาร์เอ็มเอ็น เอ็นเตอร์ไพส์	2026-03-02	622/60/69/87	2026-02-23	แขวงทางหลวงมหาสารคาม	ซื้อวัสดุจราจร จำนวน 10 รายการ โดยวิธีเฉพาะเจาะจง
19cd684c0d0a369d	19cd684c0d0a369d	2026-03-10	ACCEPT	ห้างหุ้นส่วนจำกัด อาร์เอ็มเอ็น เอ็นเตอร์ไพส์	2026-03-09	622/45/69/88	2026-03-02	แขวงทางหลวงมหาสารคาม	ซื้อวัสดุไฟฟ้า จำนวน 18 รายการ โดยวิธีเฉพาะเจาะจง
19ce0ba502779bcc	19ce0ba502779bcc	2026-03-12	ACCEPT	ห้างหุ้นส่วนจำกัด อาร์เอ็มเอ็น เอ็นเตอร์ไพส์	2026-03-11	622/60/69/92	2026-03-04	แขวงทางหลวงมหาสารคาม	ซื้อวัสดุจราจร จำนวน 10 รายการ โดยวิธีเฉพาะเจาะจง
19d04115ffd21ab9	19d04115ffd21ab9	2026-03-19	ACCEPT	ห้างหุ้นส่วนจำกัด อาร์เอ็มเอ็น เอ็นเตอร์ไพส์	2026-03-18	622/60/69/96	2026-03-11	แขวงทางหลวงมหาสารคาม	ซื้อแบริเออร์พลาสติกสีส้ม ขนาด 50x80x100 เซนติเมตร จำนวน 25 อัน โดยวิธีเฉพาะเจาะจง
19d4c59097b0bab8	19d4c59097b0bab8	2026-04-02	ACCEPT	ห้างหุ้นส่วนจำกัด อาร์เอ็มเอ็น เอ็นเตอร์ไพส์	2026-03-31	ข.มค.บ.16/2569	2026-03-16	แขวงทางหลวงมหาสารคาม	จ้างเหมาปรับระดับผิวทาง ทางหลวงหมายเลข 213 ตอนควบคุม 0101 ตอน มหาสารคาม - หนองขอน ระหว่าง กม.3+262 - กม.3+374 (RT.) โดยวิธีเฉพาะเจาะจง
19d51b00cf3b2d47	19d51b00cf3b2d47	2026-04-03	ACCEPT	ห้างหุ้นส่วนจำกัด อาร์เอ็มเอ็น เอ็นเตอร์ไพส์	2026-04-01	มค.51/2569	2026-03-05	แขวงทางหลวงมหาสารคาม	ประกวดราคาจ้างก่อสร้างโครงการตามแผนปฎิบัติราชการจังหวัดมหาสารคาม ประจำปีงบประมาณ พ.ศ.2569 โครงการพัฒนาระบบการคมนาคมขนส่งเพื่ออำนวยความสะดวกด้านการค้าการลงทุน งานบูรณะทางผิวแอสฟัลต์ ทางหลวงหมายเลข 213 ตอนควบคุม 0102 ตอน หนองขอน-ห้วยปลาหลด ตำบลโคกพระ อำเภอกันทรวิชัย จังหวัดมหาสารคาม ปริมาณงาน 1 แห่ง ด้วยวิธีประกวดราคาอิเล็กทรอนิกส์ (e-bidding)
19d712ed764b3f9d	19d712ed764b3f9d	2026-04-09	ACCEPT	ห้างหุ้นส่วนจำกัด อาร์เอ็มเอ็น เอ็นเตอร์ไพส์	2026-04-08	622/45/69/109	2026-04-03	แขวงทางหลวงมหาสารคาม	ซื้อวัสดุไฟฟ้า จำนวน 17 รายการ โดยวิธีเฉพาะเจาะจง
19d717643f0f9419	19d717643f0f9419	2026-04-09	ACCEPT	ห้างหุ้นส่วนจำกัด อาร์เอ็มเอ็น เอ็นเตอร์ไพส์	2026-04-09	622/60/69/110	2026-04-03	แขวงทางหลวงมหาสารคาม	ซื้อวัสดุจราจร จำนวน 9 รายการ โดยวิธีเฉพาะเจาะจง
19d717c8b184a94b	19d717c8b184a94b	2026-04-09	ACCEPT	ห้างหุ้นส่วนจำกัด อาร์เอ็มเอ็น เอ็นเตอร์ไพส์	2026-04-09	622/60/69/114	2026-04-03	แขวงทางหลวงมหาสารคาม	ซื้อหลักนำทางล้มลุก ขนาด 8x80 ซม. พร้อมอุปรณ์ครบชุด จำนวน 40 ต้น โดยวิธีเฉพาะเจาะจง
19d7598d56b43036	19d7598d56b43036	2026-04-10	CANCEL	ห้างหุ้นส่วนจำกัด อาร์เอ็มเอ็น เอ็นเตอร์ไพส์	NA	NA	NA	NA	NA
19d75994ca7b02e2	19d75994ca7b02e2	2026-04-10	ACCEPT	ห้างหุ้นส่วนจำกัด อาร์เอ็มเอ็น เอ็นเตอร์ไพส์	2026-04-08	622/45/69/109	2026-04-03	แขวงทางหลวงมหาสารคาม	ซื้อวัสดุไฟฟ้า จำนวน 17 รายการ โดยวิธีเฉพาะเจาะจง
19d76141867f688e	19d76141867f688e	2026-04-10	ACCEPT	ห้างหุ้นส่วนจำกัด อาร์เอ็มเอ็น เอ็นเตอร์ไพส์	2026-04-09	มค.52/2569	2026-03-05	แขวงทางหลวงมหาสารคาม	ประกวดราคาจ้างก่อสร้างโครงการตามแผนปฎิบัติราชการจังหวัดมหาสารคาม ประจำปีงบประมาณ พ.ศ. 2569 โครงการพัฒนาระบบการคมนาคมขนส่งเพื่ออำนวยความสะดวกด้านการค้าการลงทุน งานบูรณะทางผิวแอสฟัลต์ ทางหลวงหมายเลข 291 ตอนควบคุม 0100 ตอน ทางเลี่ยงเมืองมหาสารคาม ตำบลแก่งเลิงจาน อำเภอเมืองมหาสารคาม จังหวัดมหาสารคาม ปริมาณงาน 1 แห่ง ด้วยวิธีประกวดราคาอิเล็กทรอนิกส์ (e-bidding)
19d9557e53f522e6	19d9557e53f522e6	2026-04-16	CANCEL	ห้างหุ้นส่วนจำกัด อาร์เอ็มเอ็น เอ็นเตอร์ไพส์	NA	NA	NA	NA	NA
19d9557fd5af10a4	19d9557fd5af10a4	2026-04-16	ACCEPT	ห้างหุ้นส่วนจำกัด อาร์เอ็มเอ็น เอ็นเตอร์ไพส์	2026-04-09	622/60/69/114	2026-04-03	แขวงทางหลวงมหาสารคาม	ซื้อหลักนำทางล้มลุก ขนาด 8x80 ซม. พร้อมอุปรณ์ครบชุด จำนวน 40 ต้น โดยวิธีเฉพาะเจาะจง
19db386c756be20e	19db386c756be20e	2026-04-22	ACCEPT	ห้างหุ้นส่วนจำกัด อาร์เอ็มเอ็น เอ็นเตอร์ไพส์	2026-04-20	6/2569	2026-01-23	องค์การบริหารส่วนตำบลดอนงัว	ประกวดราคาจ้างก่อสร้างก่อสร้างถนนแอสฟัลท์ติกคอนกรีต สายหน้า องค์การบริหารส่วนตำบลดอนงัว ไปวัดบ้านดอนงัว หมู่ที่ 2 บ้านดอนงัว ตำบลดอนงัว ด้วยวิธีประกวดราคาอิเล็กทรอนิกส์ (e-bidding)
19e6830fb0a14e52	19e6830fb0a14e52	2026-05-27	ACCEPT	ห้างหุ้นส่วนจำกัด อาร์เอ็มเอ็น เอ็นเตอร์ไพส์	2026-05-๒๗	622/45/69/127	2026-05-๒๒	แขวงทางหลวงมหาสารคาม	ซื้อวัสดุไฟฟ้า จำนวน 3 รายการ โดยวิธีเฉพาะเจาะจง
19e6c5a4e092624e	19e6c5a4e092624e	2026-05-28	ACCEPT	ห้างหุ้นส่วนจำกัด อาร์เอ็มเอ็น เอ็นเตอร์ไพส์	2026-02-๒๕	114/2569	2026-02-๒๕	เทศบาลตำบลธัญญา	ประกวดราคาจ้างก่อสร้างเสริมผิวจราจรแอสฟัลต์คอนกรีตบนถนนคอนกรีตเดิม รหัสทางหมายเหลข กส.ถ. 23-028 สายถนนราษฏรนิมิต เริ่มจากแยก ทล.214 หมู่ที่ 9 บ้านบ่อ ปริมาณงานกว้าง 5.00 เมตร ยาว 995.00 เมตร หนา 0.05 เมตร หรือมีพื้นที่ไม่น้อยกว่า 4,975.00 ตารางเมตร ตำบลธัญญา อำเภอกมลาไสย จังหวัดกาฟสินธุ์ ด้วยวิธีประกวดราคาอิเล็กทรอนิกส์ (e-bidding)
19e6c5b61d91c663	19e6c5b61d91c663	2026-05-28	CANCEL	ห้างหุ้นส่วนจำกัด อาร์เอ็มเอ็น เอ็นเตอร์ไพส์	NA	NA	NA	NA	NA
19e71e08d9b60da7	19e71e08d9b60da7	2026-05-29	ACCEPT	ห้างหุ้นส่วนจำกัด อาร์เอ็มเอ็น เอ็นเตอร์ไพส์	2026-02-๒๕	114/2569	2026-02-๒๕	เทศบาลตำบลธัญญา	ประกวดราคาจ้างก่อสร้างเสริมผิวจราจรแอสฟัลต์คอนกรีตบนถนนคอนกรีตเดิม รหัสทางหมายเหลข กส.ถ. 23-028 สายถนนราษฏรนิมิต เริ่มจากแยก ทล.214 หมู่ที่ 9 บ้านบ่อ ปริมาณงานกว้าง 5.00 เมตร ยาว 995.00 เมตร หนา 0.05 เมตร หรือมีพื้นที่ไม่น้อยกว่า 4,975.00 ตารางเมตร ตำบลธัญญา อำเภอกมลาไสย จังหวัดกาฟสินธุ์ ด้วยวิธีประกวดราคาอิเล็กทรอนิกส์ (e-bidding)
19e8678f117d6124	19e8678f117d6124	2026-06-02	ACCEPT	ห้างหุ้นส่วนจำกัด อาร์เอ็มเอ็น เอ็นเตอร์ไพส์	2026-05-๒๙	622/60/69/128	2026-05-๒๒	แขวงทางหลวงมหาสารคาม	ซื้อวัสดุจราจร จำนวน 6 รายการ โดยวิธีเฉพาะเจาะจง
19e907ab2edfe24d	19e907ab2edfe24d	2026-06-04	ACCEPT	ห้างหุ้นส่วนจำกัด อาร์เอ็มเอ็น เอ็นเตอร์ไพส์	2026-03-0๔	5/2569	2026-03-0๔	เทศบาลตำบลคำตากล้า	ประกวดราคาจ้างก่อสร้างโครงการก่อสร้างถนนลาดยางทับถนนคอนกรีตเดิมถนนสาย 10 (หน้าวัดบูรพา-วัดศรีบุญเรือง) กว้าง 5.00 เมตร ยาว 757.00 เมตร หนา 0.05 เมตร หรือมีพื้นที่ไม่น้อยกว่า 3,785 ตารางเมตร ตำบลคำตากล้า อำเภอคำตากล้า จังหวัดสกลนคร ด้วยวิธีประกวดราคาอิเล็กทรอนิกส์ (e-bidding)
1a031edeb4c9ae68	1a031edeb4c9ae68	NA	ACCEPT	ห้างหุ้นส่วนจำกัด อาร์เอ็มเอ็น เอ็นเตอร์ไพส์	2026-08-19	๖๒๒/๖๐/๖๙/๒๐๑	2026-08-18	แขวงทางหลวงมหาสารคามต่อไป	ซื้อวัสดุก่อสร้าง จำนวน 16 รายการ
1a031edeb4c9ae68	1a031edf7dfc9368	NA	ACCEPT	ห้างหุ้นส่วนจำกัด อาร์เอ็มเอ็น เอ็นเตอร์ไพส์	2026-08-19	๖๒๒/๖๐/๖๙/๒๐๑	2026-08-18	แขวงทางหลวงมหาสารคามต่อไป	ซื้อวัสดุก่อสร้าง จำนวน 16 รายการ
1a031edeb4c9ae68	1a0326d09c5e17c3	NA	ACCEPT	ห้างหุ้นส่วนจำกัด อาร์เอ็มเอ็น เอ็นเตอร์ไพส์	2026-08-21	๖๒๒/๖๐/๖๙/๑๙๘	2026-08-14	แขวงทางหลวงมหาสารคามต่อไป	ซื้อวัสดุจราจร จำนวน 3 รายการ
thread_0	msg_0	2024-10-01	NA	NA	NA	NA	NA	NA	NA
thread_1	msg_1	2024-10-01	NA	NA	NA	NA	NA	NA	NA
thread_10	msg_10	2024-10-01	NA	NA	NA	NA	NA	NA	NA
thread_11	msg_11	2024-10-01	NA	NA	NA	NA	NA	NA	NA
thread_12	msg_12	2024-10-01	NA	NA	NA	NA	NA	NA	NA
thread_13	msg_13	2024-10-01	NA	NA	NA	NA	NA	NA	NA
thread_14	msg_14	2024-10-01	NA	NA	NA	NA	NA	NA	NA
thread_15	msg_15	2024-10-01	NA	NA	NA	NA	NA	NA	NA
thread_16	msg_16	2024-10-01	NA	NA	NA	NA	NA	NA	NA
thread_17	msg_17	2024-10-01	NA	NA	NA	NA	NA	NA	NA
thread_18	msg_18	2024-10-01	NA	NA	NA	NA	NA	NA	NA
thread_19	msg_19	2024-10-01	NA	NA	NA	NA	NA	NA	NA
thread_2	msg_2	2024-10-01	NA	NA	NA	NA	NA	NA	NA
thread_20	msg_20	2024-10-01	NA	NA	NA	NA	NA	NA	NA
thread_21	msg_21	2024-10-01	NA	NA	NA	NA	NA	NA	NA
thread_22	msg_22	2024-10-01	NA	NA	NA	NA	NA	NA	NA
thread_23	msg_23	2024-10-01	NA	NA	NA	NA	NA	NA	NA
thread_24	msg_24	2024-10-01	NA	NA	NA	NA	NA	NA	NA
thread_25	msg_25	2024-10-01	NA	NA	NA	NA	NA	NA	NA
thread_26	msg_26	2024-10-01	NA	NA	NA	NA	NA	NA	NA
thread_27	msg_27	2024-10-01	NA	NA	NA	NA	NA	NA	NA
thread_28	msg_28	2024-10-01	NA	NA	NA	NA	NA	NA	NA
thread_29	msg_29	2024-10-01	NA	NA	NA	NA	NA	NA	NA
thread_3	msg_3	2024-10-01	NA	NA	NA	NA	NA	NA	NA
thread_30	msg_30	2024-10-01	NA	NA	NA	NA	NA	NA	NA
thread_31	msg_31	2024-10-01	NA	NA	NA	NA	NA	NA	NA
thread_32	msg_32	2024-10-01	NA	NA	NA	NA	NA	NA	NAthread_32	msg_32	2024-10-01	NA	NA	NA	NA	NA	NA	NA
thread_4	msg_4	2024-10-01	NA	NA	NA	NA	NA	NA	NA
thread_5	msg_5	2024-10-01	NA	NA	NA	NA	NA	NA	NA
thread_6	msg_6	2024-10-01	NA	NA	NA	NA	NA	NA	NA
thread_7	msg_7	2024-10-01	NA	NA	NA	NA	NA	NA	NA
thread_8	msg_8	2024-10-01	NA	NA	NA	NA	NA	NA	NA
thread_9	msg_9	2024-10-01	NA	NA	NA	NA	NA	NA	NA
