หน่วยงาน	ครบกำหนด	วันส่งมอบ	seq	เลขที่โครงการ	เลขที่สัญญา	ราคายื่น	ประกัน5%	ชื่อโครงการ
อบจ.กาฬสินธุ์	2025-07-07	2023-07-07	4	65127117515	98/2566	1868000.0	93400.0	Pavement In-Place Recycling กส.ถ.1-0047 หนองกุงศรี-โคกเจริญ
อบจ.ขอนแก่น	2025-07-27	2023-07-27	39	65127010340	639/2566	2748000.0	137400.0	ถนนลาดยาง บ้านพระคือ หมู่16-วัดป่าพุทธญาณรังษี-ทล.230
อบจ.มหาสารคาม	2023-11-22	2021-11-22	50	65127468192	303/2564	11998000.0	599900.0	ซ่อมแซมถนนลาดยาง บ้านเขวาน้อย-บ้านโคกก่อ มค.ถ.1-0024
อบจ.มหาสารคาม	2023-11-25	2021-11-25	96	67089347965	254/2564	1985000.0	99250.0	ซ่อมแซมถนนลาดยาง มค.ถ.1-0062 บ้านดอนหน่อง-บ้านดอนดู่
อบจ.มหาสารคาม	2024-09-01	2022-09-01	52	65077338094	417/2565	443000.0	22150.0	ซ่อมแซมถนนลาดยาง มค.ถ.1-0034 บ้านดอนกลอย-บ้านเหล่าโพธิ์ชัย
อบจ.มหาสารคาม	2024-09-04	2022-09-04	49	65077354441	402/2565	456000.0	22800.0	ซ่อมแซมถนนลาดยาง มค.ถ.1-0066 บ้านสร้างแก้ว-บ้านทัพม้า
อบจ.มหาสารคาม	2024-09-13	2022-09-13	46	65077335842	412/2565	478000.0	23900.0	ซ่อมแซมถนนลาดยาง ทล.208-บ้านหินแห่ เขวาไร่
อบจ.มหาสารคาม	2024-09-19	2022-09-19	48	65077345108	411/2565	455000.0	22750.0	ซ่อมแซมถนน บ้านหนองแวง-บ้านหนองโก บรบือ
อบจ.มหาสารคาม	2024-09-20	2022-09-20	43	65077350009	413/2565	484000.0	24200.0	ซ่อมแซมถนนลาดยาง มค.ถ.1-0008 บ้านหัวขัว-บ้านโคกลิ่น
อบจ.มหาสารคาม	2024-10-31	2022-10-31	67	65097736153	616/2565	472000.0	23600.0	ซ่อมแซมถนนลาดยาง มค.ถ.1-0091 บ้านทัน-บ้านหนองกุงสวรรค์
อบจ.มหาสารคาม	2024-11-03	2022-11-03	71	65097735443	624/2565	462000.0	23100.0	ซ่อมแซมถนนลาดยาง มค.ถ.1-0075 ทล.2040-บ้านหัวนาคำ
อบจ.มหาสารคาม	2024-11-03	2022-11-03	62	65097734695	651/2565	486000.0	24300.0	ซ่อมแซมถนนลาดยาง มค.ถ.1-0035 บ้านยางน้อย-บ้านห้วยม่วง
อบจ.มหาสารคาม	2024-11-04	2022-11-04	69	65097735626	626/2565	470000.0	23500.0	ซ่อมแซมถนนลาดยาง มค.ถ.1-0079 ทล.2237-บ้านโนนเมือง
อบจ.มหาสารคาม	2024-11-04	2022-11-04	82	65097736197	615/2565	450000.0	22500.0	ซ่อมแซมถนนลาดยาง ทล.2040-บ้านหนองอีดำ
อบจ.มหาสารคาม	2024-11-08	2022-11-08	45	65077377382	623/2565	472000.0	23600.0	ซ่อมแซมถนนลาดยาง มค.ถ.1-0074 ทล.23-บ้านหนองกุงเต่า
อบจ.มหาสารคาม	2024-11-15	2022-11-15	78	65097734177	644/2565	460000.0	23000.0	ซ่อมแซมถนนลาดยาง มค.ถ.1-0015 บ้านหมี่-บ้านท่าตูม
อบจ.มหาสารคาม	2024-11-15	2022-11-15	70	65097734354	646/2565	472000.0	23600.0	ซ่อมแซมถนนลาดยาง มค.ถ.1-0011 บ้านหมากค่า-บ้านหนองดุก
อบจ.มหาสารคาม	2024-11-21	2022-11-21	83	65097736813	628/2565	442000.0	22100.0	ซ่อมแซมถนนลาดยาง มค.ถ.1-0093 บ้านเกิ้ง-บ้านเปลือยน้ำ
อบจ.มหาสารคาม	2024-12-13	2022-12-13	50	65077341980	616/2565	452000.0	22600.0	ซ่อมแซมถนนลาดยาง มค.ถ.1-0091 [resend]
อบจ.มหาสารคาม	2024-12-15	2022-12-15	79	65097736151	598/2565	467000.0	23350.0	ซ่อมแซมถนนลาดยาง มค.ถ.1-0039 [resend]
อบจ.มหาสารคาม	2024-12-15	2022-12-15	75	65097735882	620/2565	466000.0	23300.0	ซ่อมแซมถนนลาดยาง มค.ถ.1-0085 บ้านคุยโพธิ์-บ้านโนนคัดเค้า
อบจ.มหาสารคาม	2024-12-15	2022-12-15	61	65097736177	597/2565	485000.0	24250.0	ซ่อมแซมถนนลาดยาง มค.ถ.1-0041 บ้านสองคอน-บ้านคุยเชือก
อบจ.มหาสารคาม	2024-12-16	2022-12-16	63	65097737890	637/2565	481000.0	24050.0	ซ่อมแซมถนนลาดยาง มค.ถ.1-0037 [resend]
อบจ.มหาสารคาม	2024-12-19	2022-12-19	73	65097735805	621/2565	462000.0	23100.0	ซ่อมแซมถนนลาดยาง มค.ถ.1-0081 บ้านกุดรัง-บ้านโชคชัย
อบจ.มหาสารคาม	2024-12-20	2022-12-20	84	65097736795	634/2565	447000.0	22350.0	ซ่อมแซมถนนลาดยาง มค.ถ.1-0059 บ้านหัวขัว-บ้านสมศรี
อบจ.มหาสารคาม	2024-12-20	2022-12-20	72	65097736786	630/2565	460000.0	23000.0	ซ่อมแซมถนนลาดยาง มค.ถ.1-0058 บ้านขี-บ้านหนองโน
อบจ.มหาสารคาม	2024-12-20	2022-12-20	74	65097736808	631/2565	463000.0	23150.0	ซ่อมแซมถนนลาดยาง มค.ถ.1-0060 บ้านขี-บ้านดอนเงิน
อบจ.มหาสารคาม	2024-12-20	2022-12-20	77	65097736709	639/2565	460000.0	23000.0	ซ่อมแซมถนนลาดยาง มค.ถ.1-0064 บ้านท่าขอนยาง-บ้านส้มโฮง
อบจ.มหาสารคาม	2024-12-20	2022-12-20	80	65097734224	645/2565	460000.0	23000.0	ซ่อมแซมถนนลาดยาง มค.ถ.1-0006 บ้านนานกเขียน-บ้านหนองโก
อบจ.มหาสารคาม	2024-12-21	2022-12-21	47	65077355755	638/2565	467000.0	23350.0	ซ่อมแซมถนนลาดยาง มค.ถ.1-0070 บ้านจาน-บ้านหลุบแซง
อบจ.มหาสารคาม	2024-12-21	2022-12-21	81	65097736756	632/2565	456000.0	22800.0	ซ่อมแซมถนนลาดยาง มค.ถ.1-0057 บ้านหนองอุ่ม-บ้านดอนเงิน
อบจ.มหาสารคาม	2024-12-22	2022-12-22	66	65097736466	623/2565	474000.0	23700.0	ซ่อมแซมถนนลาดยาง มค.ถ.1-0074 [resend]
อบจ.มหาสารคาม	2024-12-22	2022-12-22	51	65077353199	267/2565	446000.0	22300.0	ซ่อมแซมถนนลาดยาง มค.ถ.1-0063 กันทรวิชัย-บ้านหนองแคน
อบจ.มหาสารคาม	2024-12-22	2022-12-22	76	65097736536	637/2565	468000.0	23400.0	ซ่อมแซมถนนลาดยาง มค.ถ.1-0037 บ้านคุ้มกลาง-บ้านโพนงาม
อบจ.มหาสารคาม	2025-04-27	2023-04-27	11	65127134015	24/2566	639000.0	31950.0	ซ่อมสร้างผิวจราจร มค.ถ.1-0088 บ้านหนองแก-บ้านโคกล่าม
อบจ.มหาสารคาม	2025-04-27	2023-04-27	15	65127157901	28/2566	639000.0	31950.0	ซ่อมสร้างผิวจราจร บ้านหนองแวง-บ้านหนองโก บรบือ
อบจ.มหาสารคาม	2025-06-27	2023-06-27	17	65127151286	65/2566	647000.0	32350.0	ซ่อมสร้างผิวจราจร มค.ถ.1-0039 บ้านแพง-บ้านหนองกุงสวรรค์
อบจ.มหาสารคาม	2025-06-27	2023-06-27	13	65127134206	77/2566	639000.0	31950.0	ซ่อมสร้างผิวจราจร มค.ถ.1-0036 บ้านหัวขัว-บ้านสำโรง
อบจ.มหาสารคาม	2025-06-29	2023-06-29	32	66017047028	64/2565	594000.0	29700.0	ซ่อมสร้างผิวจราจร มค.ถ.1-0041 บ้านสองคอน-บ้านคุยเชือก
อบจ.มหาสารคาม	2025-06-30	2023-06-30	12	65127329976	66/2566	598000.0	29900.0	ซ่อมสร้างผิวจราจร มค.ถ.1-0035 บ้านยางน้อย-บ้านห้วยม่วง
อบจ.มหาสารคาม	2025-07-05	2023-07-05	30	65127132438	78/2566	594000.0	29700.0	ซ่อมสร้างผิวจราจร ทล.2040-บ้านหนองอีดำ
อบจ.มหาสารคาม	2025-07-12	2023-07-12	10	65127134210	67/2566	579000.0	28950.0	ซ่อมสร้างผิวจราจร มค.ถ.1-0075 ทล.2040-หัวนาคำ
อบจ.มหาสารคาม	2025-07-20	2023-07-20	31	65127131898	68/2566	594000.0	29700.0	ซ่อมสร้างผิวจราจร ทล.219-บ้านโนนเกษตร-บ้านโคกหัวแจก
อบจ.มหาสารคาม	2025-08-09	2023-08-09	24	65127331113	85/2566	597000.0	29850.0	ซ่อมสร้างผิวจราจร มค.ถ.1-0045 บ้านหนองแดง-บ้านหลุบเปลือย
อบจ.มหาสารคาม	2025-08-09	2023-08-09	3	65127152438	105/2566	589000.0	29450.0	ซ่อมสร้างผิวจราจร มค.ถ.1-0089 บ้านนาเชือก-บ้านตลาดม่วง
อบจ.มหาสารคาม	2025-08-15	2023-08-15	8	65127133169	80/2566	639000.0	31950.0	ซ่อมสร้างผิวจราจร มค.ถ.1-0070 บ้านจาน-บ้านหลุบแซง
อบจ.มหาสารคาม	2025-08-15	2023-08-15	14	65127153257	104/2566	639000.0	31950.0	ซ่อมสร้างผิวจราจร มค.ถ.1-0066 บ้านสร้างแก้ว-บ้านทัพม้า
อบจ.มหาสารคาม	2025-08-17	2023-08-17	18	65127431844	82/2566	598000.0	29900.0	ซ่อมสร้างผิวจราจร มค.ถ.1-0072 หนองบัวสันตุ-สร้างแซง
อบจ.มหาสารคาม	2025-08-30	2023-08-30	2	65127133698	79/2566	589000.0	29450.0	ซ่อมสร้างผิวจราจร มค.ถ.1-0027 บ้านแดง-บ้านตำแย
อบจ.มหาสารคาม	2025-09-04	2023-09-04	46	65127231133	87/2566	579000.0	28950.0	ซ่อมสร้างผิวจราจร มค.ถ.1-0012 [resend]
อบจ.มหาสารคาม	2025-09-04	2023-09-04	47	65127264850	86/2566	579000.0	28950.0	ซ่อมสร้างผิวจราจร มค.ถ.1-0005 บ้านหมี่-บ้านท่าตูม
อบจ.มหาสารคาม	2026-04-03	2024-04-03	16	65127126327	100/2567	647000.0	32350.0	ซ่อมสร้างผิวจราจร มค.ถ.1-0077 บ้านกุดเม็ก-บ้านสำโรง
อบจ.มหาสารคาม	2026-04-03	2024-04-03	1	65127132491	102/2567	589000.0	29450.0	ซ่อมสร้างผิวจราจร มค.ถ.1-0085 บ้านคุยโพธิ์-บ้านโนนคัดเค้า
อบจ.มหาสารคาม	2026-04-05	2024-04-05	1	66119265929	99/2567	719000.0	35950.0	ซ่อมสร้างผิวจราจร มค.ถ.1-0087 บ้านปะหลาน-บ้านดอนหลี่
อบจ.มหาสารคาม	2026-05-21	2024-05-21	11	67019361700	118/2567	755000.0	37750.0	ซ่อมสร้างผิวจราจร มค.ถ.1-0078 บ้านโคกสี-บ้านนาเลา
อบต.กุดโดน	2025-01-20	2023-01-20	5	65117386211	37/2566	1289000.0	64450.0	เสริมผิวถนนแอสฟัลต์ติกฯ สายบ้านกุดโดน หมู่ 1
อบต.กู่สันตรัตน์	2025-07-20	2023-07-20	53	66059431849	e 14/2566	469000.0	23450.0	ปรับปรุงซ่อมแซมถนนแอสฟัลต์ บ้านกู่ หมู่ 2
อบต.ขามเปี้ย	2025-05-01	2023-05-01	20	65117036386	E001/2566	1849000.0	92450.0	เสริมผิวแอสฟัลต์ บ้านจำปา หมู่ 19
อบต.คันธาราษฎร์	2026-05-20	2024-05-20	103	67049473148	83/2567	276000.0	13800.0	ปรับปรุงถนน คสล.เป็นลาดยาง บ้านโพนงาม หมู่ 10
อบต.ดงครั่งใหญ่	2025-05-03	2023-05-03	45	66017019179	06/2566	1158000.0	57900.0	เสริมผิวลาดยาง สายบ้านโพนผุ-บ้านโนนสบาย หมู่ 6
อบต.ดงครั่งใหญ่	2025-05-03	2023-05-03	26	66017039352	01/2566	918000.0	45900.0	เสริมผิวลาดยาง สายบ้านไร่อ้อยพัฒนา หมู่ 11
อบต.ทรายทอง	2025-08-29	2023-08-29	40	66017180631	22/2566	5985000.0	299250.0	ซ่อมสร้างเสริมผิวถนน กส.ถ.1-0004 บ้านชัยศรี-บ้านทรายทอง
อบต.นากอก	2026-04-25	2024-04-25	120	67039182225	10/2567	366300.0	18315.0	ปรับปรุงถนน คสล. บ้านโนนงาม หมู่ 9
อบต.นากอก	2026-04-25	2024-04-25	138	67049059962	11/2567	407000.0	20350.0	ปรับปรุงถนน คสล. บ้านตาลเดี่ยว หมู่ 11
อบต.นากอก	2026-06-04	2024-06-04	114	67059143178	16/2567	477600.0	23880.0	ปรับปรุงถนนลาดยาง นภ.3030 บ้านโนนงาม หมู่ 9
อบต.นากอก	2026-06-04	2024-06-04	113	67039089635	14/2567	454000.0	22700.0	ปรับปรุงถนนลาดยาง บ้านโคกม่วง หมู่ 4-บ้านโคกสูง
อบต.นาคำไฮ	2026-02-19	2024-02-19	66	66069517728	2/2567	2444000.0	122200.0	ซ่อมสร้างผิวทาง บ้านโนนสมบูรณ์-กุดฉิม-หนองสวรรค์
อบต.ประชาพัฒนา	2025-09-21	2023-09-21	80	66089201247	CNTR-0121/66	387000.0	19350.0	เสริมผิวทาง บ้านประชาอาสา หมู่ 7
อบต.ประชาพัฒนา	2025-09-21	2023-09-21	64	66069180791	CNTR-0130/66	994000.0	49700.0	เสริมผิวถนน บ้านประชาสามัคคี หมู่ 10
อบต.ภูผาม่าน	2026-01-26	2024-01-26	67	66089700725	24/2567	2898000.0	144900.0	ซ่อมสร้างถนน ขก.ถ.168-03 นาน้ำซำ-โนนทองหลาง หมู่ 5
อบต.ม่วงลาด	2025-05-31	2023-05-31	20	65107015550	7/2566	1988000.0	99400.0	เสริมผิวทาง รอ.ถ.144-03 บ้านม่วงลาด หมู่6-บ้านหนองแค หมู่8
อบต.วังชมภู	2026-04-17	2024-04-17	6	67019453344	216/2567	439000.0	21950.0	เสริมผิวทาง ชย.ถ.111-007 นางแดดโคก-ห้วยหินหนีบ
อบต.วังชัย	2025-03-31	2023-03-31	19	65117526824	16/2566	3599000.0	179950.0	เสริมผิวแอสฟัลต์ ขก.ถ.178-01 บ้านสร้างแซ่ง-วังเกิ้ง
อบต.หนองทุ่ม	2025-03-28	2023-03-28	21	65107138294	2/2566	1749000.0	87450.0	ปรับปรุงถนนลาดยาง มค.ถ.113-04 แยก ทล.2063
อบต.หนองทุ่ม	2025-10-09	2023-10-09	94	66079449105	12/2566	349000.0	17450.0	ถนนลาดยางแอสฟัลต์ หมู่ 10 (750 ตร.ม.)
อบต.หนองทุ่ม	2025-10-09	2023-10-09	59	66069341166	13/2566	515000.0	25750.0	ถนนลาดยางแอสฟัลต์ 2 ช่วงทาง บ้านหนองทุ่ม
อบต.หนองเม็ก	2025-09-29	2023-09-29	62	66069269970	E03/2566	944000.0	47200.0	ปรับปรุงผิวจราจร มค.ถ.128-04 หนองเม็ก หมู่3-หนองแหน หมู่12
อบต.หนองแดง	2026-04-03	2024-04-03	5	66129369280	15/2567	475000.0	23750.0	เสริมผิวจราจร ซอย รร.โสกเต็นวิทยาคม หมู่ 8
อบต.หนองแดง	2026-04-03	2024-04-03	132	67029115603	14/2567	72000.0	3600.0	ปรับปรุงผิวจราจร บ้านหนองโก หมู่ 2
อบต.หนองแดง	2026-04-03	2024-04-03	133	67029116246	13/2567	355000.0	17750.0	เสริมผิวจราจร ขก.ถ.201-02 บ้านโพธิ์ทอง หมู่ 7
อบต.เกิ้ง	2025-05-16	2023-05-16	43	66017491590	E02/2566	2850000.0	142500.0	เสริมผิวจราจร มค.ถ 26-001 บ้านวังยาว หมู่4-วังน้ำเย็น หมู่14
อบต.เทอดไทย	2025-06-09	2023-06-09	13	65107093871	13/2566	1616000.0	80800.0	ปรับปรุงถนนลาดยาง สายบ้านปอหู-ดงโต่งโต้น หมู่ 3
อบต.เพ็กใหญ่	2025-09-04	2023-09-04	61	66059251457	22/2566	739000.0	36950.0	ปรับปรุงถนน คสล. ขก.ถ.166-20/21 หมู่ 2 บ้านยานาง
อบต.เมืองเสือ	2025-04-27	2023-04-27	37	66027124153	037/2566	308000.0	15400.0	ซ่อมสร้างผิวทาง OVERLAY หมู่ 5 บ้านหนองแคน
อบต.เมืองเสือ	2025-04-27	2023-04-27	38	66027124780	035/2566	342000.0	17100.0	ซ่อมสร้างผิวทาง OVERLAY หมู่ 7 บ้านโนนศรีสุวรรณ
อบต.เมืองเสือ	2025-04-27	2023-04-27	36	66027118218	036/2566	342000.0	17100.0	ซ่อมสร้างผิวทาง OVERLAY หมู่ 1 บ้านหนองกก
อบต.เวียงสะอาด	2025-09-06	2023-09-06	55	66069065719	38/2566	439000.0	21950.0	ปรับปรุงถนนลาดยาง มค.ถ.100-45 บ้านดอนหมี-บ้านกะทะ หมู่ 8
อบต.เหล่า	2025-05-25	2023-05-25	23	65127322910	4/2566	1599000.0	79950.0	เสริมผิวจราจร ถนนภายในหมู่บ้าน หมู่ 3 บ้านบัวหลวง
อบต.แวงน่าง	2025-09-15	2023-09-15	89	66079323413	25/2566	423000.0	21150.0	ปรับปรุงผิวจราจร ซอยวัดป่ามงคลธรรม-ซอยเทคนิค หนองเส็ง
อบต.แวงน่าง	2025-11-06	2023-11-06	63	66069071244	14/2567	749000.0	37450.0	เสริมผิวแอสฟัลต์ บ้านดงน้อย หมู่4-บ้านดอนบม หมู่6
อบต.โคกพระ	2025-09-18	2023-09-18	52	66059095745	E 04/2566	1188000.0	59400.0	ปรับปรุงผิวทาง บ้านคอกม้า หมู่ 15-บ้านเหล่า
อบต.โนนราษี	2025-03-24	2023-03-24	9	65127137514	2/2566	3189000.0	159450.0	ถนนลาดยางภายในหมู่บ้านเชียงคำ หมู่ 12
อบต.โพธิ์ทอง	2025-07-18	2023-07-18	35	65117048555	210/2566	2489000.0	124450.0	ซ่อมสร้างถนนลาดยาง รอ.ถ 134-08 หมู่ 4 บ้านนาโพธิ์
เทศบาลตำบลกุดสิม	2025-11-28	2023-11-28	70	66089158759	8/2567	618000.0	30900.0	ปรับปรุงเสริมผิวจราจร หลังร้านรวมชัย หมู่ 6 บ้านกุดปลาค้าว
เทศบาลตำบลกุดหว้า	2025-06-15	2023-06-15	34	66017220025	E2/2566	658000.0	32900.0	ถนนแอสฟัลต์ กส.ถ.8-0025 [resend]
เทศบาลตำบลท่าพระ	2025-08-25	2023-08-25	57	66069019640	7/2566	998000.0	49900.0	เสริมผิวจราจร ขก.ถ.17-011 ถนนบ้านแขก หมู่ 10
เทศบาลตำบลท่าพระ	2025-08-25	2023-08-25	56	66069020933	8/2566	898000.0	44900.0	เสริมผิวจราจร ขก.ถ.17-017 ถนนศิวิลัย หมู่ 18
เทศบาลตำบลนาดี	2026-04-18	2024-04-18	7	67019137077	E01/2567	1039000.0	51950.0	ปรับปรุงถนน บ้านนาฝาย หมู่2-บ้านนาดี หมู่8
เทศบาลตำบลนาเชือก	2025-07-27	2023-07-27	51	66037412278	3/2566	1929000.0	96450.0	เสริมผิวแอสฟัลต์ ถนนขิงแคง มค.ถ.9-0075 หมู่ 10
เทศบาลตำบลพระลับ	2026-02-02	2024-02-02	76	66109326130	10/2567	499000.0	24950.0	เสริมผิวจราจร ศาลาประชาคม-รร.บ้านเลิงเปือย หมู่ 18
เทศบาลตำบลยางตลาด	2025-05-08	2023-05-08	19	65127292334	7/2566	1680000.0	84000.0	ถนนแอสฟัลติก ถนนรัตนาราม กส.ถ.46-014 หมู่ 20
เทศบาลตำบลร่องคำ	2025-03-31	2023-03-31	28	65127276310	2/2566	2850000.0	142500.0	ปรับปรุงผิวจราจร หนองยาง-ดอนปู่ตา หมู่10-หมู่5
เทศบาลตำบลร่องคำ	2025-09-01	2023-09-01	54	66059362705	5/2566	849000.0	42450.0	ปรับปรุงผิวจราจร รอบตลาดสด สุขาภิบาล 3-4
เทศบาลตำบลร่องคำ	2026-07-08	2024-07-08	21	67039527685	3/2567	1424000.0	71200.0	ปรับปรุงผิวจราจร กส.ถ.47-004 ถนนศรีเมืองใหม่ หมู่ 13
เทศบาลตำบลร่องคำ	2026-07-08	2024-07-08	20	67039527362	4/2567	1794000.0	89700.0	ปรับปรุงผิวจราจร กส.ถ.47-003 ถนนธรรมฑูต หมู่ 2,4,9,13
เทศบาลตำบลหนองหาน	2026-01-09	2024-01-09	74	66099316836	008/2567	1075000.0	53750.0	เสริมผิวจราจร ถนนพิพัฒน์สะพุงเลิศ หมู่ 11,18
เทศบาลตำบลแวงน่าง	2024-08-29	2022-08-29	107	69059003035	009/2565	1666000.0	83300.0	Over-Lay ถนนรอบหนองบ้าน หมู่ 1
เทศบาลตำบลแวงน่าง	2025-02-21	2023-02-21	6	65117143808	001/2566	2549000.0	127450.0	Over Lay ถนนทุ่งสว่าง หมู่ 1 [resend]
เทศบาลตำบลโกสุมพิสัย	2025-02-15	2023-02-15	9	65107369971	5/2566	2190000.0	109500.0	ปรับปรุงถนนแอสฟัลต์ ถนนราษฎร์บูรณะ หมู่ 13
เทศบาลตำบลโกสุมพิสัย	2025-02-15	2023-02-15	10	65107371867	6/2566	1390000.0	69500.0	ปรับปรุงถนนแอสฟัลต์ ถนนตลาดขวัญ หมู่ 12
เทศบาลตำบลโคกพระ	2025-05-16	2023-05-16	29	66017186999	11/2566	548000.0	27400.0	เสริมผิวถนน มค.ถ.6-0026 ถนนสุขาภิบาล 26 หมู่ 2
เทศบาลตำบลโนนท่อน	2026-03-05	2024-03-05	118	66129404855	3/2567	213800.0	10690.0	ปรับปรุงเสริมผิว บ้านบึงแก หมู่ 4
เทศบาลตำบลโนนท่อน	2026-03-05	2024-03-05	77	66119125470	2/2567	535000.0	26750.0	ปรับปรุงถนนลาดยาง ถนนสามัคคี-แยกโรงไฟฟ้า หมู่ 7
เทศบาลตำบลโนนบุรี	2026-01-10	2024-01-10	73	66099537384	1/2567	1118000.0	55900.0	ปรับปรุงผิวจราจร ถนนสุขาภิบาล 4 หมู่ 1 บ้านโนนบุรี
แขวงทางหลวงมหาสารคาม	2024-04-28	2022-04-28	92	67089467298	มค.94/2565	2143736.0	107186.8	บูรณะโครงข่าย ทล.208 หนองสระพัง-มหาสารคาม ตอน 2
แขวงทางหลวงมหาสารคาม	2024-12-16	2022-12-16	14	67119242713	มค.14/2566	9792918.0	489645.9	บูรณะทางผิวแอสฟัลต์ ทล.2063 บรบือ-โคกสี ตอน 2
แขวงทางหลวงมหาสารคาม	2025-01-06	2023-01-06	13	67119242741	มค.25/2566	9794840.0	489742.0	บูรณะทางผิวแอสฟัลต์ ทล.219 บรบือ-ยางสีสุราช ตอน 2
แขวงทางหลวงมหาสารคาม	2025-04-10	2023-04-10	15	67119242653	มค.35/2566	19993000.0	999650.0	บูรณะทางผิวแอสฟัลต์ ทล.2040 วาปีปทุม-พยัคฆภูมิพิสัย
แขวงทางหลวงมหาสารคาม	2026-06-21	2024-06-21	15	67039611227	มค.38/2567	19982717.0	999135.85	บูรณะทางผิวแอสฟัลต์ ทล.291 เลี่ยงเมืองมหาสารคาม
แขวงทางหลวงมหาสารคาม	2026-07-04	2024-07-04	16	67039613566	มค.44/2567	19982000.0	999100.0	บูรณะโครงข่าย ทล.2040 มหาสารคาม-วาปีปทุม ตอน 3
