2026-03-04T09:31:23Z	19cb8301262710cf	แจ้งผลการจัดซื้อจัดจ้าง(เลขที่โครงการ 68109449059)
2026-03-04T09:31:23Z	19cb830137180cc3	แจ้งผลการจัดซื้อจัดจ้าง(เลขที่โครงการ 68109449059)
2026-03-05T09:16:14Z	19cbd4890048dd92	แจ้งผลการจัดซื้อจัดจ้าง(เลขที่โครงการ 69019211222)
2026-03-05T09:16:14Z	19cbd489165b789c	แจ้งผลการจัดซื้อจัดจ้าง(เลขที่โครงการ 69019211222)
2026-03-05T09:16:55Z	19cbd493257b11f8	แจ้งผลการจัดซื้อจัดจ้าง(เลขที่โครงการ 69019192946)
2026-03-05T09:16:55Z	19cbd4932ddf79f6	แจ้งผลการจัดซื้อจัดจ้าง(เลขที่โครงการ 69019192946)
2026-03-06T04:23:11Z	19cc162a445e7481	แจ้งผลการจัดซื้อจัดจ้าง(เลขที่โครงการ 68129460824)
2026-03-06T04:23:11Z	19cc162a9fa62d5b	แจ้งผลการจัดซื้อจัดจ้าง(เลขที่โครงการ 68129460824)
2026-03-09T03:09:47Z	19cd0928554b2332	แจ้งผลการจัดซื้อจัดจ้าง(เลขที่โครงการ 68119343622)
2026-03-09T03:09:47Z	19cd09289b1d5c9f	แจ้งผลการจัดซื้อจัดจ้าง(เลขที่โครงการ 68119343622)
2026-03-09T07:39:46Z	19cd189b291dafcc	แจ้งผลการจัดซื้อจัดจ้าง(เลขที่โครงการ 69019287002)
2026-03-09T07:39:46Z	19cd189b3ef9d3ec	แจ้งผลการจัดซื้อจัดจ้าง(เลขที่โครงการ 69019287002)
2026-03-09T09:20:12Z	19cd1e5a5a3fe3ab	แจ้งผลการจัดซื้อจัดจ้าง(เลขที่โครงการ 69019397577)
2026-03-09T09:20:12Z	19cd1e5a6df4bd81	แจ้งผลการจัดซื้อจัดจ้าง(เลขที่โครงการ 69019397577)
2026-03-10T03:26:43Z	19cd5c860acb1287	แจ้งผลการจัดซื้อจัดจ้าง(เลขที่โครงการ 68129380751)
2026-03-10T03:26:43Z	19cd5c8628bf38f9	แจ้งผลการจัดซื้อจัดจ้าง(เลขที่โครงการ 68129380751)
2026-03-11T10:02:09Z	19cdc58c4519e490	แจ้งผลการจัดซื้อจัดจ้าง(เลขที่โครงการ 69019426796)
2026-03-11T10:02:09Z	19cdc58c7312f985	แจ้งผลการจัดซื้อจัดจ้าง(เลขที่โครงการ 69019426796)
2026-03-12T03:41:09Z	19ce0224f286373b	เรื่อง แจ้งผลการจัดซื้อจัดจ้าง
2026-03-16T08:41:42Z	19cf5cee8fb26d6c	แจ้งผลการจัดซื้อจัดจ้าง(เลขที่โครงการ 69019542481)
2026-03-16T08:41:42Z	19cf5ceeb6b58d8e	แจ้งผลการจัดซื้อจัดจ้าง(เลขที่โครงการ 69019542481)
2026-03-16T08:48:59Z	19cf5d59218bea05	เรื่อง แจ้งผลการจัดซื้อจัดจ้าง
2026-03-18T07:45:42Z	19cffe85f0c4da32	แจ้งผลการจัดซื้อจัดจ้าง(เลขที่โครงการ 69019249485)
2026-03-18T07:45:43Z	19cffe85e9beb1d6	แจ้งผลการจัดซื้อจัดจ้าง(เลขที่โครงการ 69019249485)
2026-03-23T07:44:01Z	19d19a69d3a73750	แจ้งผลการจัดซื้อจัดจ้าง(เลขที่โครงการ 68129167084)
2026-03-23T07:44:01Z	19d19a69d7b91ea8	แจ้งผลการจัดซื้อจัดจ้าง(เลขที่โครงการ 68129167084)
2026-03-23T08:41:16Z	19d19db072446c4b	แจ้งผลการจัดซื้อจัดจ้าง(เลขที่โครงการ 68129519410)
2026-03-23T08:41:16Z	19d19db07a348b68	แจ้งผลการจัดซื้อจัดจ้าง(เลขที่โครงการ 68129519410)
2026-03-24T09:58:33Z	19d1f4822ffdd4a5	แจ้งผลการจัดซื้อจัดจ้าง(เลขที่โครงการ 68129492947)
2026-03-24T09:58:33Z	19d1f482332828b5	แจ้งผลการจัดซื้อจัดจ้าง(เลขที่โครงการ 68129492947)
2026-03-24T10:32:38Z	19d1f67583321386	แจ้งผลการจัดซื้อจัดจ้าง(เลขที่โครงการ 68129484635)
2026-03-24T10:32:38Z	19d1f67591c0f330	แจ้งผลการจัดซื้อจัดจ้าง(เลขที่โครงการ 68129484635)
2026-03-25T06:53:31Z	19d23c5192a95d20	แจ้งผลการจัดซื้อจัดจ้าง(เลขที่โครงการ 68119530496)
2026-03-25T06:53:31Z	19d23c5192e5d174	แจ้งผลการจัดซื้อจัดจ้าง(เลขที่โครงการ 68119530496)
2026-03-26T09:51:16Z	19d298e3124baa7c	แจ้งผลการจัดซื้อจัดจ้าง(เลขที่โครงการ 68109272892)
2026-03-26T09:51:16Z	19d298e31936b604	แจ้งผลการจัดซื้อจัดจ้าง(เลขที่โครงการ 68109272892)
2026-04-02T06:17:41Z	19d4cd72d0ebe075	แจ้งผลการจัดซื้อจัดจ้าง(เลขที่โครงการ 69039135345)
2026-04-02T06:17:41Z	19d4cd72d40f0296	แจ้งผลการจัดซื้อจัดจ้าง(เลขที่โครงการ 69039135345)
2026-04-02T09:18:44Z	19d4d7ced762291c	แจ้งผลการจัดซื้อจัดจ้าง(เลขที่โครงการ 68119530110)
2026-04-02T09:18:44Z	19d4d7cedbbc3a59	แจ้งผลการจัดซื้อจัดจ้าง(เลขที่โครงการ 68119530110)
2026-04-03T03:28:30Z	19d5162a47436d79	แจ้งผลการจัดซื้อจัดจ้าง(เลขที่โครงการ 69019314183)
2026-04-03T03:28:30Z	19d5162a4bc3c255	แจ้งผลการจัดซื้อจัดจ้าง(เลขที่โครงการ 69019314183)
2026-04-03T10:52:51Z	19d52f979499bbc9	เรื่อง แจ้งผลการจัดซื้อจัดจ้าง
2026-04-03T10:53:24Z	19d52f9f43b44a31	เรื่อง แจ้งผลการจัดซื้อจัดจ้าง
2026-04-07T06:42:55Z	19d66ae13bcae8bb	แจ้งผลการจัดซื้อจัดจ้าง(เลขที่โครงการ 69029266464)
2026-04-07T06:42:55Z	19d66ae1523ea07e	แจ้งผลการจัดซื้อจัดจ้าง(เลขที่โครงการ 69029266464)
2026-04-07T07:13:24Z	19d66c9fcbfb1f52	เรื่อง แจ้งผลการจัดซื้อจัดจ้าง
2026-04-08T06:25:35Z	19d6bc48eca68222	แจ้งผลการจัดซื้อจัดจ้าง(เลขที่โครงการ 69019524385)
2026-04-08T06:25:35Z	19d6bc48f183f2a6	แจ้งผลการจัดซื้อจัดจ้าง(เลขที่โครงการ 69019524385)
2026-04-08T08:22:01Z	19d6c2f2822265e6	แจ้งผลการจัดซื้อจัดจ้าง(เลขที่โครงการ 69029495546)
2026-04-08T08:22:01Z	19d6c2f2921e36ad	แจ้งผลการจัดซื้อจัดจ้าง(เลขที่โครงการ 69029495546)
2026-04-09T08:56:01Z	19d7174a56732644	แจ้งผลการจัดซื้อจัดจ้าง(เลขที่โครงการ 69019313209)
2026-04-09T08:56:01Z	19d7174a832257ab	แจ้งผลการจัดซื้อจัดจ้าง(เลขที่โครงการ 69019313209)
2026-04-10T08:33:59Z	19d7686d33300797	แจ้งผลการจัดซื้อจัดจ้าง(เลขที่โครงการ 69039403518)
2026-04-10T08:33:59Z	19d7686d36786864	แจ้งผลการจัดซื้อจัดจ้าง(เลขที่โครงการ 69039403518)
2026-04-10T08:39:04Z	19d768b7d48d74f5	แจ้งผลการจัดซื้อจัดจ้าง(เลขที่โครงการ 69029492829)
2026-04-10T08:39:04Z	19d768b7f3bdc2d0	แจ้งผลการจัดซื้อจัดจ้าง(เลขที่โครงการ 69029492829)
2026-04-17T04:33:01Z	19d99b6bd0b1ae3d	แจ้งผลการจัดซื้อจัดจ้าง(เลขที่โครงการ 69019314987)
2026-04-17T04:33:01Z	19d99b6bd4f4f59a	แจ้งผลการจัดซื้อจัดจ้าง(เลขที่โครงการ 69019314987)
2026-04-20T06:14:18Z	19da9868a07ac42c	แจ้งผลการจัดซื้อจัดจ้าง(เลขที่โครงการ 69039364737)
2026-04-20T06:14:18Z	19da9868b67636d7	แจ้งผลการจัดซื้อจัดจ้าง(เลขที่โครงการ 69039364737)
2026-04-21T06:03:58Z	19daea370d9919ec	แจ้งผลการจัดซื้อจัดจ้าง(เลขที่โครงการ 69039471770)
2026-04-21T06:03:58Z	19daea37565f16d8	แจ้งผลการจัดซื้อจัดจ้าง(เลขที่โครงการ 69039471770)
2026-04-23T07:10:34Z	19db92d1ebe311b8	แจ้งผลการจัดซื้อจัดจ้าง(เลขที่โครงการ 68119526224)
2026-04-23T07:10:34Z	19db92d2156834ff	แจ้งผลการจัดซื้อจัดจ้าง(เลขที่โครงการ 68119526224)
2026-04-23T08:04:28Z	19db95e7840c3bbd	แจ้งผลการจัดซื้อจัดจ้าง(เลขที่โครงการ 69039490313)
2026-04-23T08:04:28Z	19db95e794bc932f	แจ้งผลการจัดซื้อจัดจ้าง(เลขที่โครงการ 69039490313)
2026-04-23T08:26:38Z	19db972c51b80c75	แจ้งผลการจัดซื้อจัดจ้าง(เลขที่โครงการ 69039499084)
2026-04-23T08:26:38Z	19db972c82c3433d	แจ้งผลการจัดซื้อจัดจ้าง(เลขที่โครงการ 69039499084)
2026-04-24T03:24:43Z	19dbd84b97d62907	แจ้งผลการจัดซื้อจัดจ้าง(เลขที่โครงการ 69019325361)
2026-04-24T03:24:43Z	19dbd84b98676c51	แจ้งผลการจัดซื้อจัดจ้าง(เลขที่โครงการ 69019325361)
2026-04-24T06:07:49Z	19dbe1a0bab965d4	แจ้งผลการจัดซื้อจัดจ้าง(เลขที่โครงการ 69049041321)
2026-04-24T06:07:49Z	19dbe1a0d0b94e5b	แจ้งผลการจัดซื้อจัดจ้าง(เลขที่โครงการ 69049041321)
2026-04-24T06:56:49Z	19dbe46e54f696d3	แจ้งผลการจัดซื้อจัดจ้าง(เลขที่โครงการ 69049041910)
2026-04-24T06:56:49Z	19dbe46e55e7876a	แจ้งผลการจัดซื้อจัดจ้าง(เลขที่โครงการ 69049041910)
2026-04-28T04:37:32Z	19dd260d2380aea2	แจ้งผลการจัดซื้อจัดจ้าง(เลขที่โครงการ 69019440812)
2026-04-28T04:37:32Z	19dd260d2bcc95f3	แจ้งผลการจัดซื้อจัดจ้าง(เลขที่โครงการ 69019440812)
2026-04-29T03:57:39Z	19dd762ac715d0ec	แจ้งผลการจัดซื้อจัดจ้าง(เลขที่โครงการ 68119525313)
2026-04-29T03:57:39Z	19dd762ada7a442e	แจ้งผลการจัดซื้อจัดจ้าง(เลขที่โครงการ 68119525313)
2026-04-29T09:29:36Z	19dd89294a46a874	แจ้งผลการจัดซื้อจัดจ้าง(เลขที่โครงการ 69039476187)
2026-04-29T09:29:37Z	19dd8929564a02ee	แจ้งผลการจัดซื้อจัดจ้าง(เลขที่โครงการ 69039476187)
2026-05-01T09:07:22Z	19de2caefca9ea81	แจ้งผลการจัดซื้อจัดจ้าง(เลขที่โครงการ 69049338399)
2026-05-01T09:07:22Z	19de2cb0ebee3d38	แจ้งผลการจัดซื้อจัดจ้าง(เลขที่โครงการ 69049338399)
2026-05-06T03:16:40Z	19dfb49a6426bae7	เรื่อง แจ้งผลการจัดซื้อจัดจ้าง
2026-05-06T03:16:56Z	19dfb49e9b2a90de	เรื่อง แจ้งผลการจัดซื้อจัดจ้าง
2026-05-08T04:33:20Z	19e05dc928d9b8ea	แจ้งผลการจัดซื้อจัดจ้าง(เลขที่โครงการ 69019146499)
2026-05-08T04:33:20Z	19e05dc935035cf4	แจ้งผลการจัดซื้อจัดจ้าง(เลขที่โครงการ 69019146499)
2026-05-08T06:11:10Z	19e0636206f920f6	แจ้งผลการจัดซื้อจัดจ้าง(เลขที่โครงการ 69039286713)
2026-05-08T06:11:10Z	19e06362196d9a21	แจ้งผลการจัดซื้อจัดจ้าง(เลขที่โครงการ 69039286713)
2026-05-08T06:16:01Z	19e063a97484ac1e	แจ้งผลการจัดซื้อจัดจ้าง(เลขที่โครงการ 69039288643)
2026-05-08T06:16:01Z	19e063a998969876	แจ้งผลการจัดซื้อจัดจ้าง(เลขที่โครงการ 69039288643)
2026-05-08T08:23:18Z	19e06af1a3440ee5	แจ้งผลการจัดซื้อจัดจ้าง(เลขที่โครงการ 69039202749)
2026-05-08T08:23:18Z	19e06af1d307af60	แจ้งผลการจัดซื้อจัดจ้าง(เลขที่โครงการ 69039202749)
2026-05-08T09:04:14Z	19e06d4966546596	แจ้งผลการจัดซื้อจัดจ้าง(เลขที่โครงการ 69039516906)
2026-05-08T09:04:14Z	19e06d4977bb0aed	แจ้งผลการจัดซื้อจัดจ้าง(เลขที่โครงการ 69039516906)
2026-05-12T03:13:54Z	19e1a2d4906b3c44	แจ้งผลการจัดซื้อจัดจ้าง(เลขที่โครงการ 69049223359)
2026-05-12T03:13:54Z	19e1a2d4cc961a5c	แจ้งผลการจัดซื้อจัดจ้าง(เลขที่โครงการ 69049223359)
2026-05-12T05:11:36Z	19e1a990848f0153	แจ้งผลการจัดซื้อจัดจ้าง(เลขที่โครงการ 69049234880)
2026-05-12T05:11:36Z	19e1a990876b57aa	แจ้งผลการจัดซื้อจัดจ้าง(เลขที่โครงการ 69049234880)
2026-05-12T07:20:46Z	19e1b0f4e25030d4	แจ้งผลการจัดซื้อจัดจ้าง(เลขที่โครงการ 69049430979)
2026-05-12T07:20:47Z	19e1b0f4fa5f3dbe	แจ้งผลการจัดซื้อจัดจ้าง(เลขที่โครงการ 69049430979)
2026-05-18T03:53:48Z	19e3937f6e4ea33a	แจ้งผลการจัดซื้อจัดจ้าง(เลขที่โครงการ 69029009464)
2026-05-18T03:53:48Z	19e3937f7f6dce43	แจ้งผลการจัดซื้อจัดจ้าง(เลขที่โครงการ 69029009464)
2026-05-19T03:56:43Z	19e3e60fe04a7e68	แจ้งผลการจัดซื้อจัดจ้าง(เลขที่โครงการ 69049250669)
2026-05-19T03:56:43Z	19e3e60fe06c3bed	แจ้งผลการจัดซื้อจัดจ้าง(เลขที่โครงการ 69049250669)
2026-05-19T08:15:22Z	19e3f4dd3492ed48	แจ้งผลการจัดซื้อจัดจ้าง(เลขที่โครงการ 69049350588)
2026-05-19T08:15:22Z	19e3f4dd41967491	แจ้งผลการจัดซื้อจัดจ้าง(เลขที่โครงการ 69049350588)
2026-05-20T07:28:31Z	19e44494459c846a	แจ้งผลการจัดซื้อจัดจ้าง(เลขที่โครงการ 69049416118)
2026-05-20T07:28:31Z	19e444947d45732c	แจ้งผลการจัดซื้อจัดจ้าง(เลขที่โครงการ 69049416118)
2026-05-20T07:32:33Z	19e444cf41a0768a	แจ้งผลการจัดซื้อจัดจ้าง(เลขที่โครงการ 69039364737)
2026-05-20T07:32:33Z	19e444cf50662249	แจ้งผลการจัดซื้อจัดจ้าง(เลขที่โครงการ 69039364737)
2026-05-20T08:05:03Z	19e446ab816873cd	แจ้งผลการจัดซื้อจัดจ้าง(เลขที่โครงการ 68119362613)
2026-05-20T08:05:03Z	19e446ab832735a1	แจ้งผลการจัดซื้อจัดจ้าง(เลขที่โครงการ 68119362613)
2026-05-20T08:43:11Z	19e448da0356ca9c	แจ้งผลการจัดซื้อจัดจ้าง(เลขที่โครงการ 69049395087)
2026-05-20T08:43:11Z	19e448da0f722979	แจ้งผลการจัดซื้อจัดจ้าง(เลขที่โครงการ 69049395087)
2026-05-21T07:02:41Z	19e4957f89b6f0a9	แจ้งผลการจัดซื้อจัดจ้าง(เลขที่โครงการ 69049434789)
2026-05-21T07:02:41Z	19e4957f907cb93f	แจ้งผลการจัดซื้อจัดจ้าง(เลขที่โครงการ 69049434789)
2026-05-21T07:07:35Z	19e495c7b2350ad3	แจ้งผลการจัดซื้อจัดจ้าง(เลขที่โครงการ 69049415787)
2026-05-21T07:07:35Z	19e495c7bf8318af	แจ้งผลการจัดซื้อจัดจ้าง(เลขที่โครงการ 69049415787)
2026-05-22T07:41:52Z	19e4ea234e6a9f85	แจ้งผลการจัดซื้อจัดจ้าง(เลขที่โครงการ 69039259355)
2026-05-22T07:41:52Z	19e4ea2377db82ea	แจ้งผลการจัดซื้อจัดจ้าง(เลขที่โครงการ 69039259355)
2026-05-22T07:42:25Z	19e4ea2b59aa867e	แจ้งผลการจัดซื้อจัดจ้าง(เลขที่โครงการ 69039264764)
2026-05-22T07:42:25Z	19e4ea2b819cd2cf	แจ้งผลการจัดซื้อจัดจ้าง(เลขที่โครงการ 69039264764)
2026-05-22T07:43:01Z	19e4ea341067d0e3	แจ้งผลการจัดซื้อจัดจ้าง(เลขที่โครงการ 69039260672)
2026-05-22T07:43:01Z	19e4ea3418f814e6	แจ้งผลการจัดซื้อจัดจ้าง(เลขที่โครงการ 69039260672)
2026-05-25T01:48:01Z	19e5cd154b53e862	เรื่อง แจ้งผลการจัดซื้อจัดจ้าง
2026-05-25T01:48:13Z	19e5cd1833ce5d7a	เรื่อง แจ้งผลการจัดซื้อจัดจ้าง
2026-05-25T03:03:13Z	19e5d162ec772de9	แจ้งผลการจัดซื้อจัดจ้าง(เลขที่โครงการ 69039242695)
2026-05-25T03:03:13Z	19e5d162fd99a791	แจ้งผลการจัดซื้อจัดจ้าง(เลขที่โครงการ 69039242695)
2026-05-25T03:03:25Z	19e5d165ba81777c	แจ้งผลการจัดซื้อจัดจ้าง(เลขที่โครงการ 69039242695)
2026-05-25T03:03:25Z	19e5d165bc64454c	แจ้งผลการจัดซื้อจัดจ้าง(เลขที่โครงการ 69039242695)
2026-05-25T17:01:01Z	19e601535846ebef	แจ้งผลการจัดซื้อจัดจ้าง(เลขที่โครงการ 69059034477)
2026-05-26T02:50:17Z	19e6230b402a3b91	เรื่อง แจ้งผลการจัดซื้อจัดจ้าง
2026-05-26T02:51:04Z	19e623167b05fe85	เรื่อง แจ้งผลการจัดซื้อจัดจ้าง
2026-05-26T07:03:54Z	19e6318e0250715d	แจ้งผลการจัดซื้อจัดจ้าง(เลขที่โครงการ 69059048337)
2026-05-26T07:03:54Z	19e6318e129b482a	แจ้งผลการจัดซื้อจัดจ้าง(เลขที่โครงการ 69059048337)
2026-05-27T05:12:57Z	19e67d9a8afb264a	แจ้งผลการจัดซื้อจัดจ้าง(เลขที่โครงการ 69049434962)
2026-05-27T05:12:57Z	19e67d9a8fce9589	แจ้งผลการจัดซื้อจัดจ้าง(เลขที่โครงการ 69049434962)
2026-05-27T05:38:35Z	19e67f120e87b55f	แจ้งผลการจัดซื้อจัดจ้าง(เลขที่โครงการ 69049306591)
2026-05-27T05:38:35Z	19e67f122a2ffef1	แจ้งผลการจัดซื้อจัดจ้าง(เลขที่โครงการ 69049306591)
2026-05-27T08:40:03Z	19e689749ebf1c19	แจ้งผลการจัดซื้อจัดจ้าง(เลขที่โครงการ 69039265848)
2026-05-27T08:40:03Z	19e68974a7f2eb80	แจ้งผลการจัดซื้อจัดจ้าง(เลขที่โครงการ 69039265848)
2026-05-27T10:39:10Z	19e69045394ed8f1	แจ้งผลการจัดซื้อจัดจ้าง(เลขที่โครงการ 69059069315)
2026-05-27T10:39:10Z	19e690459f7518b9	แจ้งผลการจัดซื้อจัดจ้าง(เลขที่โครงการ 69059069315)
2026-05-28T05:28:27Z	19e6d0e367294a04	แจ้งผลการจัดซื้อจัดจ้าง(เลขที่โครงการ 69049381739)
2026-05-28T05:28:27Z	19e6d0e6ed0a7f7d	แจ้งผลการจัดซื้อจัดจ้าง(เลขที่โครงการ 69049381739)
2026-05-28T09:27:00Z	19e6de89e2fa257d	แจ้งผลการจัดซื้อจัดจ้าง(เลขที่โครงการ 69049220091)
2026-05-28T09:27:00Z	19e6de89f0ea4a2c	แจ้งผลการจัดซื้อจัดจ้าง(เลขที่โครงการ 69049220091)
2026-05-29T08:59:45Z	19e72f6084ff5ae9	แจ้งผลการจัดซื้อจัดจ้าง(เลขที่โครงการ 68119122365)
2026-05-29T08:59:45Z	19e72f608733d8de	แจ้งผลการจัดซื้อจัดจ้าง(เลขที่โครงการ 68119122365)
2026-06-02T06:34:59Z	19e870aef5d86318	แจ้งผลการจัดซื้อจัดจ้าง(เลขที่โครงการ 69019542481)
2026-06-02T06:34:59Z	19e870aefd6ef648	แจ้งผลการจัดซื้อจัดจ้าง(เลขที่โครงการ 69019542481)
2026-06-02T09:22:00Z	19e87a3d6e5ff9f2	แจ้งผลการจัดซื้อจัดจ้าง(เลขที่โครงการ 68119122408)
2026-06-02T09:22:00Z	19e87a3d6ec70f77	แจ้งผลการจัดซื้อจัดจ้าง(เลขที่โครงการ 68119122408)
2026-06-02T09:22:15Z	19e87a4121c27f47	แจ้งผลการจัดซื้อจัดจ้าง(เลขที่โครงการ 68119122408)
2026-06-02T09:22:15Z	19e87a412331f845	แจ้งผลการจัดซื้อจัดจ้าง(เลขที่โครงการ 68119122408)
2026-06-04T08:34:58Z	19e91c57fab77144	เรื่อง แจ้งผลการจัดซื้อจัดจ้าง
2026-06-05T04:11:53Z	19e95fafe8e45e3c	แจ้งผลการจัดซื้อจัดจ้าง(เลขที่โครงการ 69059156763)
2026-06-05T04:11:53Z	19e95fb0049907d2	แจ้งผลการจัดซื้อจัดจ้าง(เลขที่โครงการ 69059156763)
2026-06-05T04:35:03Z	19e961037bc53e6b	เรื่อง แจ้งผลการจัดซื้อจัดจ้าง
2026-06-05T07:46:00Z	19e96bf043772b0a	แจ้งผลการจัดซื้อจัดจ้าง(เลขที่โครงการ 69059323648)
2026-06-05T07:46:00Z	19e96bf0580cd745	แจ้งผลการจัดซื้อจัดจ้าง(เลขที่โครงการ 69059323648)
2026-06-09T03:25:00Z	19eaa698d5508597	เรื่อง แจ้งผลการจัดซื้อจัดจ้าง
2026-06-09T08:47:55Z	19eab91265b3a956	แจ้งผลการจัดซื้อจัดจ้าง(เลขที่โครงการ 69059470316)
2026-06-09T08:47:55Z	19eab9127b651a76	แจ้งผลการจัดซื้อจัดจ้าง(เลขที่โครงการ 69059470316)
2026-06-10T04:17:11Z	19eafbfa40be5547	แจ้งผลการจัดซื้อจัดจ้าง(เลขที่โครงการ 69049036954)
2026-06-10T04:17:11Z	19eafbfa4a235678	แจ้งผลการจัดซื้อจัดจ้าง(เลขที่โครงการ 69049036954)
2026-06-11T04:12:13Z	19eb4e177da2ba48	เรื่อง แจ้งผลการจัดซื้อจัดจ้าง
2026-06-12T01:30:38Z	19eb973e02c73be3	แจ้งผลการจัดซื้อจัดจ้าง(เลขที่โครงการ 69059077331)
2026-06-12T01:30:38Z	19eb973e0774c0ce	แจ้งผลการจัดซื้อจัดจ้าง(เลขที่โครงการ 69059077331)
2026-06-12T08:05:22Z	19ebadd44ccd7d8c	แจ้งผลการจัดซื้อจัดจ้าง(เลขที่โครงการ 69059342493)
2026-06-12T08:05:22Z	19ebadd453472882	แจ้งผลการจัดซื้อจัดจ้าง(เลขที่โครงการ 69059342493)
2026-06-15T03:00:56Z	19ec939a3e88c587	แจ้งผลการจัดซื้อจัดจ้าง(เลขที่โครงการ 69059257399)
2026-06-15T03:00:56Z	19ec939a632d4f1b	แจ้งผลการจัดซื้อจัดจ้าง(เลขที่โครงการ 69059257399)
2026-06-15T07:52:44Z	19eca44c67545c1f	แจ้งผลการจัดซื้อจัดจ้าง(เลขที่โครงการ 69059186084)
2026-06-15T07:52:44Z	19eca44c7f37f9cf	แจ้งผลการจัดซื้อจัดจ้าง(เลขที่โครงการ 69059186084)
2026-06-15T07:53:16Z	19eca4543c6ea161	แจ้งผลการจัดซื้อจัดจ้าง(เลขที่โครงการ 69059185990)
2026-06-15T07:53:16Z	19eca4544e117ae5	แจ้งผลการจัดซื้อจัดจ้าง(เลขที่โครงการ 69059185990)
2026-06-15T07:53:43Z	19eca45af918a0f2	แจ้งผลการจัดซื้อจัดจ้าง(เลขที่โครงการ 69059185784)
2026-06-15T07:53:43Z	19eca45afdfef8ba	แจ้งผลการจัดซื้อจัดจ้าง(เลขที่โครงการ 69059185784)
2026-06-15T09:28:34Z	19eca9c86559d28b	แจ้งผลการจัดซื้อจัดจ้าง(เลขที่โครงการ 69059522054)
2026-06-15T09:28:34Z	19eca9c8748ca0f2	แจ้งผลการจัดซื้อจัดจ้าง(เลขที่โครงการ 69059522054)
2026-06-15T11:43:02Z	19ecb17a0155417a	แจ้งผลการจัดซื้อจัดจ้าง(เลขที่โครงการ 69049160627)
2026-06-15T11:43:02Z	19ecb17a11bded84	แจ้งผลการจัดซื้อจัดจ้าง(เลขที่โครงการ 69049160627)
2026-06-16T02:51:27Z	19ece57501c7018d	เรื่อง แจ้งผลการจัดซื้อจัดจ้าง
2026-06-16T02:51:59Z	19ece57d4a97b856	เรื่อง แจ้งผลการจัดซื้อจัดจ้าง
2026-06-16T05:15:18Z	19ecedb006c24d50	แจ้งผลการจัดซื้อจัดจ้าง(เลขที่โครงการ 69059358072)
2026-06-16T05:15:18Z	19ecedb0078a5e01	แจ้งผลการจัดซื้อจัดจ้าง(เลขที่โครงการ 69059358072)
2026-06-16T07:10:19Z	19ecf444e540e96f	แจ้งผลการจัดซื้อจัดจ้าง(เลขที่โครงการ 69049308583)
2026-06-16T07:10:19Z	19ecf444e89bca56	แจ้งผลการจัดซื้อจัดจ้าง(เลขที่โครงการ 69049308583)
2026-06-19T03:22:33Z	19edde6dc0ed3512	แจ้งผลการจัดซื้อจัดจ้าง(เลขที่โครงการ 69029081067)
2026-06-19T03:22:33Z	19edde6e3820c1ec	แจ้งผลการจัดซื้อจัดจ้าง(เลขที่โครงการ 69029081067)
2026-06-19T07:40:14Z	19eded2c82cb4e01	แจ้งผลการจัดซื้อจัดจ้าง(เลขที่โครงการ 69049233820)
2026-06-19T07:40:14Z	19eded2c846c4ba7	แจ้งผลการจัดซื้อจัดจ้าง(เลขที่โครงการ 69049233820)
2026-06-19T09:35:31Z	19edf3c500810349	แจ้งผลการจัดซื้อจัดจ้าง(เลขที่โครงการ 69069015688)
2026-06-19T09:35:31Z	19edf3c50f08c818	แจ้งผลการจัดซื้อจัดจ้าง(เลขที่โครงการ 69069015688)
2026-06-22T04:20:27Z	19eed8ef3aa433fb	แจ้งผลการจัดซื้อจัดจ้าง(เลขที่โครงการ 69059003035)
2026-06-22T04:20:27Z	19eed8ef3ec7c627	แจ้งผลการจัดซื้อจัดจ้าง(เลขที่โครงการ 69059003035)
2026-06-23T06:05:12Z	19ef31532c254a08	แจ้งผลการจัดซื้อจัดจ้าง(เลขที่โครงการ 69059384787)
2026-06-23T06:05:12Z	19ef31534bc4758f	แจ้งผลการจัดซื้อจัดจ้าง(เลขที่โครงการ 69059384787)
2026-06-23T09:41:12Z	19ef3daf459e991e	แจ้งผลการจัดซื้อจัดจ้าง(เลขที่โครงการ 69059289944)
2026-06-23T09:41:12Z	19ef3daf467ea6a1	แจ้งผลการจัดซื้อจัดจ้าง(เลขที่โครงการ 69059289944)
2026-06-24T04:01:42Z	19ef7ca805ba09c3	แจ้งผลการจัดซื้อจัดจ้าง(เลขที่โครงการ 69059380588)
2026-06-24T04:01:42Z	19ef7ca81df3501d	แจ้งผลการจัดซื้อจัดจ้าง(เลขที่โครงการ 69059380588)
2026-06-24T04:22:50Z	19ef7ddd9d1cd243	แจ้งผลการจัดซื้อจัดจ้าง(เลขที่โครงการ 69059366076)
2026-06-24T04:22:50Z	19ef7ddda958ccde	แจ้งผลการจัดซื้อจัดจ้าง(เลขที่โครงการ 69059366076)
2026-06-24T04:25:17Z	19ef7e019548182d	แจ้งผลการจัดซื้อจัดจ้าง(เลขที่โครงการ 69059380115)
2026-06-24T04:25:17Z	19ef7e0196538398	แจ้งผลการจัดซื้อจัดจ้าง(เลขที่โครงการ 69059380115)
2026-06-24T08:11:21Z	19ef8af0fe91a36c	เรื่อง แจ้งผลการจัดซื้อจัดจ้าง
2026-06-24T09:02:51Z	19ef8de36c5ea3ff	แจ้งผลการจัดซื้อจัดจ้าง(เลขที่โครงการ 69059023775)
2026-06-24T09:02:51Z	19ef8de37682fae5	แจ้งผลการจัดซื้อจัดจ้าง(เลขที่โครงการ 69059023775)
2026-06-25T03:02:18Z	19efcba797657a25	เรื่อง แจ้งผลการจัดซื้อจัดจ้าง
2026-06-25T03:22:31Z	19efcccfd5cd03da	แจ้งผลการจัดซื้อจัดจ้าง(เลขที่โครงการ 69059276112)
2026-06-25T03:22:31Z	19efcccfdb182545	แจ้งผลการจัดซื้อจัดจ้าง(เลขที่โครงการ 69059276112)
2026-06-25T07:59:23Z	19efdca764441f4c	แจ้งผลการจัดซื้อจัดจ้าง(เลขที่โครงการ 69069191600)
2026-06-25T07:59:23Z	19efdcaf10e5c983	แจ้งผลการจัดซื้อจัดจ้าง(เลขที่โครงการ 69069191600)
2026-06-25T08:12:37Z	19efdd6968752cea	เรื่อง แจ้งผลการจัดซื้อจัดจ้าง
2026-06-25T09:43:32Z	19efe29d26ad4cf8	แจ้งผลการจัดซื้อจัดจ้าง(เลขที่โครงการ 69059256147)
2026-06-25T09:43:32Z	19efe29d2a863446	แจ้งผลการจัดซื้อจัดจ้าง(เลขที่โครงการ 69059256147)
2026-06-26T03:02:14Z	19f01e0c4710116a	แจ้งผลการจัดซื้อจัดจ้าง(เลขที่โครงการ 69069050389)
2026-06-26T03:02:14Z	19f01e0c5e572f5c	แจ้งผลการจัดซื้อจัดจ้าง(เลขที่โครงการ 69069050389)
2026-06-26T08:53:09Z	19f03220ed60bbf3	แจ้งผลการจัดซื้อจัดจ้าง(เลขที่โครงการ 69069080349)
2026-06-26T08:53:09Z	19f03220ef55fe78	แจ้งผลการจัดซื้อจัดจ้าง(เลขที่โครงการ 69069080349)
2026-06-28T13:41:18Z	19f0e7694cef82eb	เรื่อง แจ้งผลการจัดซื้อจัดจ้าง
2026-06-28T13:41:34Z	19f0e76d4d4e3ff0	เรื่อง แจ้งผลการจัดซื้อจัดจ้าง
2026-06-29T07:00:10Z	19f122db11eba2da	แจ้งผลการจัดซื้อจัดจ้าง(เลขที่โครงการ 69059195145)
2026-06-29T07:00:10Z	19f122db303e4e7c	แจ้งผลการจัดซื้อจัดจ้าง(เลขที่โครงการ 69059195145)
2026-06-29T08:25:16Z	19f127b98452ca07	แจ้งผลการจัดซื้อจัดจ้าง(เลขที่โครงการ 69069169200)
2026-06-29T08:25:16Z	19f127b99c2a57d1	แจ้งผลการจัดซื้อจัดจ้าง(เลขที่โครงการ 69069169200)
2026-06-29T08:26:15Z	19f127c810b8ce9b	แจ้งผลการจัดซื้อจัดจ้าง(เลขที่โครงการ 69069097883)
2026-06-29T08:26:15Z	19f127c85a36e16b	แจ้งผลการจัดซื้อจัดจ้าง(เลขที่โครงการ 69069097883)
2026-06-29T10:12:42Z	19f12ddf77c7f978	แจ้งผลการจัดซื้อจัดจ้าง(เลขที่โครงการ 69059204900)
2026-06-29T10:12:42Z	19f12ddf785ddccd	แจ้งผลการจัดซื้อจัดจ้าง(เลขที่โครงการ 69059204900)
2026-06-29T10:51:38Z	19f130198fe60d96	แจ้งผลการจัดซื้อจัดจ้าง(เลขที่โครงการ 69069111485)
2026-06-29T10:51:38Z	19f13019914797d9	แจ้งผลการจัดซื้อจัดจ้าง(เลขที่โครงการ 69069111485)
2026-06-30T06:43:16Z	19f174494aaefd07	แจ้งผลการจัดซื้อจัดจ้าง(เลขที่โครงการ 69059284913)
2026-06-30T06:43:16Z	19f174495fcedc61	แจ้งผลการจัดซื้อจัดจ้าง(เลขที่โครงการ 69059284913)
2026-06-30T08:44:21Z	19f17b3702f94fc8	แจ้งผลการจัดซื้อจัดจ้าง(เลขที่โครงการ 69069168673)
2026-06-30T08:44:21Z	19f17b37059ece0b	แจ้งผลการจัดซื้อจัดจ้าง(เลขที่โครงการ 69069168673)
2026-07-01T04:30:31Z	19f1bf16733bb2bb	เรื่อง แจ้งผลการจัดซื้อจัดจ้าง
2026-07-02T06:33:37Z	19f218876448f76b	แจ้งผลการจัดซื้อจัดจ้าง(เลขที่โครงการ 69069265365)
2026-07-02T06:33:37Z	19f21887755bd04c	แจ้งผลการจัดซื้อจัดจ้าง(เลขที่โครงการ 69069265365)
2026-07-02T07:01:34Z	19f21a20d3e25991	แจ้งผลการจัดซื้อจัดจ้าง(เลขที่โครงการ 69059282722)
2026-07-02T07:01:34Z	19f21a20d6290619	แจ้งผลการจัดซื้อจัดจ้าง(เลขที่โครงการ 69059282722)
2026-07-02T08:36:07Z	19f21f89dd8eff18	เรื่อง แจ้งผลการจัดซื้อจัดจ้าง
2026-07-03T04:32:53Z	19f264049d6fde17	แจ้งผลการจัดซื้อจัดจ้าง(เลขที่โครงการ 69059480871)
2026-07-03T04:32:53Z	19f26404a6511a53	แจ้งผลการจัดซื้อจัดจ้าง(เลขที่โครงการ 69059480871)
2026-07-03T05:02:30Z	19f265b66c4b12bb	แจ้งผลการจัดซื้อจัดจ้าง(เลขที่โครงการ 69059277964)
2026-07-03T05:02:30Z	19f265b699606b07	แจ้งผลการจัดซื้อจัดจ้าง(เลขที่โครงการ 69059277964)
2026-07-05T03:56:56Z	19f306c19eaa7a95	เรื่อง แจ้งผลการจัดซื้อจัดจ้าง
2026-07-06T04:26:41Z	19f35adae60c4b29	แจ้งผลการจัดซื้อจัดจ้าง(เลขที่โครงการ 69069033324)
2026-07-06T04:26:41Z	19f35adaee6d7114	แจ้งผลการจัดซื้อจัดจ้าง(เลขที่โครงการ 69069033324)
2026-07-06T08:50:42Z	19f369f664fe84db	เรื่อง แจ้งผลการจัดซื้อจัดจ้าง
2026-07-07T02:32:30Z	19f3a6b81dfd9413	แจ้งผลการจัดซื้อจัดจ้าง(เลขที่โครงการ 69069433282)
2026-07-07T02:32:30Z	19f3a6b83b009be2	แจ้งผลการจัดซื้อจัดจ้าง(เลขที่โครงการ 69069433282)
2026-07-07T07:55:53Z	19f3b9392cefda2a	เรื่อง แจ้งผลการจัดซื้อจัดจ้าง
2026-07-09T09:40:09Z	19f463fbfa3c669c	แจ้งผลการจัดซื้อจัดจ้าง(เลขที่โครงการ 69069083609)
2026-07-09T09:40:09Z	19f463fc04f06802	แจ้งผลการจัดซื้อจัดจ้าง(เลขที่โครงการ 69069083609)
2026-07-09T12:56:07Z	19f46f32b729ad72	แจ้งผลการจัดซื้อจัดจ้าง(เลขที่โครงการ 69069358534)
2026-07-09T12:56:07Z	19f46f32c10abcc2	แจ้งผลการจัดซื้อจัดจ้าง(เลขที่โครงการ 69069358534)
2026-07-10T08:44:27Z	19f4b331d75bfd3d	แจ้งผลการจัดซื้อจัดจ้าง(เลขที่โครงการ 69069181680)
2026-07-10T08:44:27Z	19f4b331f9664463	แจ้งผลการจัดซื้อจัดจ้าง(เลขที่โครงการ 69069181680)
2026-07-10T09:18:22Z	19f4b522f09af8f8	แจ้งผลการจัดซื้อจัดจ้าง(เลขที่โครงการ 69049284210)
2026-07-10T09:18:22Z	19f4b522fad5af78	แจ้งผลการจัดซื้อจัดจ้าง(เลขที่โครงการ 69049284210)
2026-07-13T02:54:00Z	19f59655bbb978d4	แจ้งผลการจัดซื้อจัดจ้าง(เลขที่โครงการ 69069139752)
2026-07-13T02:54:01Z	19f59655b9fd8b17	แจ้งผลการจัดซื้อจัดจ้าง(เลขที่โครงการ 69069139752)
2026-07-13T09:31:09Z	19f5ad0f2808d382	แจ้งผลการจัดซื้อจัดจ้าง(เลขที่โครงการ 69059167137)
2026-07-13T09:31:09Z	19f5ad0f7bb43e2c	แจ้งผลการจัดซื้อจัดจ้าง(เลขที่โครงการ 69059167137)
2026-07-14T02:53:38Z	19f5e8b5f7b205af	แจ้งผลการจัดซื้อจัดจ้าง(เลขที่โครงการ 69079059773)
2026-07-14T02:53:38Z	19f5e8b5fee2c8a7	แจ้งผลการจัดซื้อจัดจ้าง(เลขที่โครงการ 69079059773)
2026-07-15T04:05:52Z	19f63f3dd235a617	แจ้งผลการจัดซื้อจัดจ้าง(เลขที่โครงการ 69079123572)
2026-07-15T09:48:53Z	19f652de81837a56	แจ้งผลการจัดซื้อจัดจ้าง(เลขที่โครงการ 69069405723)
2026-07-15T09:48:53Z	19f652de8536c0e5	แจ้งผลการจัดซื้อจัดจ้าง(เลขที่โครงการ 69069405723)
2026-07-16T08:24:39Z	19f6a0724a9168a7	แจ้งผลการจัดซื้อจัดจ้าง(เลขที่โครงการ 69069557628)
2026-07-16T08:24:39Z	19f6a0725325cb97	แจ้งผลการจัดซื้อจัดจ้าง(เลขที่โครงการ 69069557628)
2026-07-16T09:44:18Z	19f6a5011c778a58	แจ้งผลการจัดซื้อจัดจ้าง(เลขที่โครงการ 69069168400)
2026-07-16T09:44:18Z	19f6a501b7653739	แจ้งผลการจัดซื้อจัดจ้าง(เลขที่โครงการ 69069168400)
2026-07-17T07:27:47Z	19f6ef96f1cf2ca7	แจ้งผลการจัดซื้อจัดจ้าง(เลขที่โครงการ 69059323640)
2026-07-17T07:27:47Z	19f6ef9706d10696	แจ้งผลการจัดซื้อจัดจ้าง(เลขที่โครงการ 69059323640)
2026-07-17T07:55:13Z	19f6f128c5371a1e	แจ้งผลการจัดซื้อจัดจ้าง(เลขที่โครงการ 69069151220)
2026-07-17T07:55:13Z	19f6f128d8242511	แจ้งผลการจัดซื้อจัดจ้าง(เลขที่โครงการ 69069151220)
2026-07-20T03:43:14Z	19f7d9ef0471b8d4	เรื่อง แจ้งผลการจัดซื้อจัดจ้าง
2026-07-20T03:44:18Z	19f7d9feada5e0c1	เรื่อง แจ้งผลการจัดซื้อจัดจ้าง
2026-07-20T08:21:41Z	19f7e9dde9faf9a4	แจ้งผลการจัดซื้อจัดจ้าง(เลขที่โครงการ 69059276706)
2026-07-20T08:21:41Z	19f7e9ddf2ae6b51	แจ้งผลการจัดซื้อจัดจ้าง(เลขที่โครงการ 69059276706)
2026-07-20T09:05:03Z	19f7ec5915b19454	แจ้งผลการจัดซื้อจัดจ้าง(เลขที่โครงการ 69069494515)
2026-07-20T09:05:03Z	19f7ec591dbfc292	แจ้งผลการจัดซื้อจัดจ้าง(เลขที่โครงการ 69069494515)
2026-07-21T03:42:37Z	19f82c4bd0397e5f	แจ้งผลการจัดซื้อจัดจ้าง(เลขที่โครงการ 69059326737)
2026-07-21T03:42:37Z	19f82c4bd267b250	แจ้งผลการจัดซื้อจัดจ้าง(เลขที่โครงการ 69059326737)
2026-07-21T06:32:03Z	19f835fda4b50f7c	เรื่อง แจ้งผลการจัดซื้อจัดจ้าง
2026-08-03T01:49:25Z	19fc54fdac2c44ad	เรื่อง แจ้งผลการจัดซื้อจัดจ้าง
2026-08-03T01:49:33Z	19fc54fe5998c890	เรื่อง แจ้งผลการจัดซื้อจัดจ้าง
2026-08-04T02:44:20Z	19fcaa8684b9ef7e	แจ้งผลการจัดซื้อจัดจ้าง(เลขที่โครงการ 69079189741)
2026-08-04T02:44:20Z	19fcaa868fbff8c7	แจ้งผลการจัดซื้อจัดจ้าง(เลขที่โครงการ 69079189741)
2026-08-04T03:46:18Z	19fcae129a6e337d	แจ้งผลการจัดซื้อจัดจ้าง(เลขที่โครงการ 69079037715)
2026-08-04T03:46:18Z	19fcae129cf76e68	แจ้งผลการจัดซื้อจัดจ้าง(เลขที่โครงการ 69079037715)
2026-08-04T03:51:14Z	19fcae5a5eb2a150	แจ้งผลการจัดซื้อจัดจ้าง(เลขที่โครงการ 69079031596)
2026-08-04T03:51:14Z	19fcae5a75c5b22d	แจ้งผลการจัดซื้อจัดจ้าง(เลขที่โครงการ 69079031596)
2026-08-06T04:00:22Z	19fd53abb3fa2d39	แจ้งผลการจัดซื้อจัดจ้าง(เลขที่โครงการ 69069572135)
2026-08-06T04:00:22Z	19fd53abc3f53371	แจ้งผลการจัดซื้อจัดจ้าง(เลขที่โครงการ 69069572135)
2026-08-06T17:01:01Z	19fd80570245eb1f	แจ้งผลการจัดซื้อจัดจ้าง(เลขที่โครงการ 69069285619)
2026-08-07T09:20:55Z	19fdb86904fffe2f	แจ้งผลการจัดซื้อจัดจ้าง(เลขที่โครงการ 69079043879)
2026-08-07T09:20:55Z	19fdb8695d33c426	แจ้งผลการจัดซื้อจัดจ้าง(เลขที่โครงการ 69079043879)
2026-08-10T14:04:49Z	19febfdab57a52a1	เรื่อง แจ้งผลการจัดซื้อจัดจ้าง
2026-08-10T14:05:01Z	19febfdc0d94530c	เรื่อง แจ้งผลการจัดซื้อจัดจ้าง
2026-08-11T07:45:12Z	19fefc8611f84cb2	แจ้งผลการจัดซื้อจัดจ้าง(เลขที่โครงการ 69079109557)
2026-08-11T07:45:12Z	19fefc8623edc631	แจ้งผลการจัดซื้อจัดจ้าง(เลขที่โครงการ 69079109557)
2026-08-13T09:49:21Z	19ffa86c08a15c28	แจ้งผลการจัดซื้อจัดจ้าง(เลขที่โครงการ 69079488448)
2026-08-13T09:49:21Z	19ffa86c0a4bd57f	แจ้งผลการจัดซื้อจัดจ้าง(เลขที่โครงการ 69079488448)
2026-08-14T03:01:31Z	19ffe37b84599c41	แจ้งผลการจัดซื้อจัดจ้าง(เลขที่โครงการ 69079054553)
2026-08-14T03:01:31Z	19ffe37bd4e02c8f	แจ้งผลการจัดซื้อจัดจ้าง(เลขที่โครงการ 69079054553)
2026-08-14T03:05:51Z	19ffe3bb0e05cdfa	แจ้งผลการจัดซื้อจัดจ้าง(เลขที่โครงการ 69079461100)
2026-08-14T03:05:51Z	19ffe3bb288213ea	แจ้งผลการจัดซื้อจัดจ้าง(เลขที่โครงการ 69079461100)
2026-08-17T07:49:01Z	1a00eb2042c0d2ed	แจ้งผลการจัดซื้อจัดจ้าง(เลขที่โครงการ 69079086671)
2026-08-17T07:49:01Z	1a00eb205dea3e03	แจ้งผลการจัดซื้อจัดจ้าง(เลขที่โครงการ 69079086671)
2026-08-18T02:29:06Z	1a012b3ace4282ad	เรื่อง แจ้งผลการจัดซื้อจัดจ้าง
2026-08-18T02:29:23Z	1a012b3bf7985109	เรื่อง แจ้งผลการจัดซื้อจัดจ้าง
2026-08-18T02:29:51Z	1a012b42fd1d729f	เรื่อง แจ้งผลการจัดซื้อจัดจ้าง
2026-08-18T02:30:48Z	1a012b50a0c95631	เรื่อง แจ้งผลการจัดซื้อจัดจ้าง
2026-08-18T02:31:16Z	1a012b576be661ce	เรื่อง แจ้งผลการจัดซื้อจัดจ้าง
2026-08-18T05:07:34Z	1a0134492da26dbf	แจ้งผลการจัดซื้อจัดจ้าง(เลขที่โครงการ 69059509007)
2026-08-18T05:07:35Z	1a01344939f5a700	แจ้งผลการจัดซื้อจัดจ้าง(เลขที่โครงการ 69059509007)
2026-08-19T04:40:55Z	1a018528661e4e60	เรื่อง แจ้งผลการจัดซื้อจัดจ้าง
2026-08-19T09:18:50Z	1a01950f830ab53c	เรื่อง แจ้งผลการจัดซื้อจัดจ้าง
2026-08-20T12:30:42Z	1a01f26fdaba5e17	เรื่อง แจ้งผลการจัดซื้อจัดจ้าง
2026-08-21T08:45:14Z	1a0237eed3f95a4e	แจ้งผลการจัดซื้อจัดจ้าง(เลขที่โครงการ 69079253957)
2026-08-21T08:45:14Z	1a0237ef6d352261	แจ้งผลการจัดซื้อจัดจ้าง(เลขที่โครงการ 69079253957)
2026-08-24T06:52:34Z	1a0328ad8cce0126	แจ้งผลการจัดซื้อจัดจ้าง(เลขที่โครงการ 69079086679)
2026-08-24T06:52:34Z	1a0328ad926c28ac	แจ้งผลการจัดซื้อจัดจ้าง(เลขที่โครงการ 69079086679)
2026-08-24T08:25:43Z	1a032e0247b0fc9f	แจ้งผลการจัดซื้อจัดจ้าง(เลขที่โครงการ 69069467561)
2026-08-24T08:25:43Z	1a032e0248b1bd35	แจ้งผลการจัดซื้อจัดจ้าง(เลขที่โครงการ 69069467561)
2026-08-24T09:05:24Z	1a03304782a09447	แจ้งผลการจัดซื้อจัดจ้าง(เลขที่โครงการ 69059380115)
2026-08-24T09:05:24Z	1a033047a65c8318	แจ้งผลการจัดซื้อจัดจ้าง(เลขที่โครงการ 69059380115)
2026-08-25T03:02:14Z	1a036de54cb3d547	เรื่อง แจ้งผลการจัดซื้อจัดจ้าง
2026-08-25T04:17:40Z	1a037236dfd349d3	แจ้งผลการจัดซื้อจัดจ้าง(เลขที่โครงการ 69079244572)
2026-08-25T04:17:41Z	1a037236c81a6d03	แจ้งผลการจัดซื้อจัดจ้าง(เลขที่โครงการ 69079244572)
2026-08-25T04:21:51Z	1a037273ae78ba97	เรื่อง แจ้งผลการจัดซื้อจัดจ้าง
2026-08-25T05:03:55Z	1a0374dbe09820cc	แจ้งผลการจัดซื้อจัดจ้าง(เลขที่โครงการ 69089150896)
2026-08-25T05:03:55Z	1a0374dc1f81387c	แจ้งผลการจัดซื้อจัดจ้าง(เลขที่โครงการ 69089150896)
2026-08-25T10:31:40Z	1a03879cd72e9805	แจ้งผลการจัดซื้อจัดจ้าง(เลขที่โครงการ 69089123180)
2026-08-25T10:31:40Z	1a03879cdcc26c12	แจ้งผลการจัดซื้อจัดจ้าง(เลขที่โครงการ 69089123180)
2026-08-26T09:33:00Z	1a03d6a78aa1bc7d	เรื่อง แจ้งผลการจัดซื้อจัดจ้าง
2026-08-28T05:25:59Z	1a046d5059576622	เรื่อง แจ้งผลการจัดซื้อจัดจ้าง
2026-08-31T04:26:56Z	1a056120cedefaa0	เรื่อง แจ้งผลการจัดซื้อจัดจ้าง
2026-08-31T07:11:30Z	1a056a8b5086c367	แจ้งผลการจัดซื้อจัดจ้าง(เลขที่โครงการ 69059487346)
2026-08-31T07:11:30Z	1a056a8b5a1d1ff4	แจ้งผลการจัดซื้อจัดจ้าง(เลขที่โครงการ 69059487346)
2026-09-01T07:39:48Z	1a05be8faa9c982a	เรื่อง แจ้งผลการจัดซื้อจัดจ้าง
2026-09-01T07:39:56Z	1a05be91a90066c2	เรื่อง แจ้งผลการจัดซื้อจัดจ้าง
2026-09-01T07:40:00Z	1a05be92b2de89f8	เรื่อง แจ้งผลการจัดซื้อจัดจ้าง
2026-09-01T07:40:06Z	1a05be9436f81731	เรื่อง แจ้งผลการจัดซื้อจัดจ้าง
2026-09-01T07:40:10Z	1a05be94eb8fe19d	เรื่อง แจ้งผลการจัดซื้อจัดจ้าง
2026-09-02T03:35:38Z	1a0602fcfcc9d5de	เรื่อง แจ้งผลการจัดซื้อจัดจ้าง
2026-09-02T06:55:58Z	1a060e73387983ef	เรื่อง แจ้งผลการจัดซื้อจัดจ้าง
2026-09-02T07:19:14Z	1a060fc82eda70d3	แจ้งผลการจัดซื้อจัดจ้าง(เลขที่โครงการ 69089473825)
2026-09-02T07:19:14Z	1a060fc833c589b1	แจ้งผลการจัดซื้อจัดจ้าง(เลขที่โครงการ 69089473825)
2026-09-04T08:54:25Z	1a06ba05dc16d714	แจ้งผลการจัดซื้อจัดจ้าง(เลขที่โครงการ 69079170169)
2026-09-04T08:54:25Z	1a06ba05f502f7ef	แจ้งผลการจัดซื้อจัดจ้าง(เลขที่โครงการ 69079170169)
2026-09-07T09:01:54Z	1a07b1a4ddb951e3	แจ้งผลการจัดซื้อจัดจ้าง(เลขที่โครงการ 69069589057)
2026-09-07T09:01:54Z	1a07b1a504cad512	แจ้งผลการจัดซื้อจัดจ้าง(เลขที่โครงการ 69069589057)
2026-09-08T09:19:23Z	1a08050ab4aeed0e	เรื่อง แจ้งผลการจัดซื้อจัดจ้าง
2026-09-08T10:02:39Z	1a0807846776f8a4	แจ้งผลการจัดซื้อจัดจ้าง(เลขที่โครงการ 69029099286)
2026-09-08T10:02:39Z	1a080784727b0e4a	แจ้งผลการจัดซื้อจัดจ้าง(เลขที่โครงการ 69029099286)
2026-09-09T07:48:42Z	1a08523ffd3f7369	แจ้งผลการจัดซื้อจัดจ้าง(เลขที่โครงการ 69069484638)
2026-09-09T07:48:42Z	1a0852400b8cf5ba	แจ้งผลการจัดซื้อจัดจ้าง(เลขที่โครงการ 69069484638)
2026-09-10T08:13:10Z	1a08a60c04a72f79	แจ้งผลการจัดซื้อจัดจ้าง(เลขที่โครงการ 69079482739)
2026-09-10T08:13:10Z	1a08a60c49b5c688	แจ้งผลการจัดซื้อจัดจ้าง(เลขที่โครงการ 69079482739)
2026-09-13T04:59:43Z	1a09922ba4c2302a	เรื่อง แจ้งผลการจัดซื้อจัดจ้าง
2026-09-17T04:45:27Z	1a0adaf189fffc7d	แจ้งผลการจัดซื้อจัดจ้าง(เลขที่โครงการ 69099126557)
2026-09-17T04:45:27Z	1a0adaf1ab841c12	แจ้งผลการจัดซื้อจัดจ้าง(เลขที่โครงการ 69099126557)
2026-09-17T09:20:45Z	1a0aeab23c0031b7	แจ้งผลการจัดซื้อจัดจ้าง(เลขที่โครงการ 69079499517)
2026-09-17T09:20:45Z	1a0aeab248a4bd63	แจ้งผลการจัดซื้อจัดจ้าง(เลขที่โครงการ 69079499517)
2026-09-21T02:18:47Z	1a0c1c240f3d6b4e	แจ้งผลการจัดซื้อจัดจ้าง(เลขที่โครงการ 68099553809)
2026-09-21T02:18:47Z	1a0c1c2416feece1	แจ้งผลการจัดซื้อจัดจ้าง(เลขที่โครงการ 68099553809)
2026-09-21T10:36:35Z	1a0c38a0485479d4	แจ้งผลการจัดซื้อจัดจ้าง(เลขที่โครงการ 69099172841)
2026-09-21T10:36:35Z	1a0c38a07249400b	แจ้งผลการจัดซื้อจัดจ้าง(เลขที่โครงการ 69099172841)
2026-09-22T04:13:56Z	1a0c75209487f1b9	แจ้งผลการจัดซื้อจัดจ้าง(เลขที่โครงการ 69089552052)
2026-09-22T04:13:56Z	1a0c7520a190f1c0	แจ้งผลการจัดซื้อจัดจ้าง(เลขที่โครงการ 69089552052)
2026-09-22T08:11:59Z	1a0c82bfcf3f9589	เรื่อง แจ้งผลการจัดซื้อจัดจ้าง
2026-09-22T09:34:36Z	1a0c877a4137a69d	เรื่อง แจ้งผลการจัดซื้อจัดจ้าง
2026-09-23T02:52:16Z	1a0cc2da398444b0	แจ้งผลการจัดซื้อจัดจ้าง(เลขที่โครงการ 69099060167)
2026-09-23T02:52:16Z	1a0cc2daac435d6e	แจ้งผลการจัดซื้อจัดจ้าง(เลขที่โครงการ 69099060167)
2026-09-23T03:18:00Z	1a0cc4535eef6d79	แจ้งผลการจัดซื้อจัดจ้าง(เลขที่โครงการ 69099061215)
2026-09-23T03:18:00Z	1a0cc45363a27198	แจ้งผลการจัดซื้อจัดจ้าง(เลขที่โครงการ 69099061215)
2026-09-23T03:36:36Z	1a0cc5639d12207b	เรื่อง แจ้งผลการจัดซื้อจัดจ้าง
2026-09-30T08:42:27Z	1a0f17ac3ed7199c	แจ้งผลการจัดซื้อจัดจ้าง(เลขที่โครงการ 69099409096)
2026-09-30T08:42:27Z	1a0f17ac50e6757b	แจ้งผลการจัดซื้อจัดจ้าง(เลขที่โครงการ 69099409096)
